Kombination;Konto;Unterkonto;Schlüssel;Kontentyp;Cfp-type;Acct-str;Beschreibung;Umsatzindikator;RücklagenIndikator
2134-19;2134;19;0;L;;2134-01;401K BEITR?GE/SPENDEN;;
2134-20;2134;20;0;L;;2134-01;401K BEITR?GE/SPENDEN;;
2134-25;2134;25;0;L;;2134-01;401K BEITR?GE/SPENDEN;;
2134-26;2134;26;0;L;;2134-01;401K BEITR?GE/SPENDEN;;
2135-19;2135;19;0;L;;2135-01;401k DARLEHEN;;
2135-20;2135;20;0;L;;2135-01;401k DARLEHEN;;
2135-25;2135;25;0;L;;2135-01;401k DARLEHEN;;
2135-26;2135;26;0;L;;2135-01;401k DARLEHEN;;
1201-19;1201;19;5017;A; ;1201-01;412 A/R - SINGAPUR;;
1201-20;1201;20;5017;A; ;1201-01;412 A/R - SINGAPUR;;
1201-25;1201;25;5017;A; ;1201-01;412 A/R - SINGAPUR;;
1201-26;1201;26;5017;A; ;1201-01;412 A/R - SINGAPUR;;
1991-19;1991;19;0;A;;1991-19;A/P & A/R AUSGLEICH;;
1991-20;1991;20;0;A;;1991-19;A/P & A/R AUSGLEICH;;
2096-19;2096;19;0;L;;2096-19;VERBINDLICHKEITEN - CTB;;
2094-19;2094;19;0;L;;2094-19;VERBINDLICHKEITEN - CTC;;
2093-19;2093;19;0;L;;2093-19;VERBINDLICHKEITEN - CTI;;
2092-19;2092;19;0;L;;2092-19;VERBINDLICHKEITEN - CTI MUTTER;;
2095-19;2095;19;0;L;;2095-19;VERBINDLICHKEITEN - CTIS;;
2097-19;2097;19;0;L;;2097-19;VERBINDLICHKEITEN - CTL;;
2090-19;2090;19;5080;L; ;2090-01;VERBINDLICHKEITEN-ACCRUED;;
2090-20;2090;20;5080;L; ;2090-01;VERBINDLICHKEITEN-ACCRUED;;
2090-25;2090;25;5080;L; ;2090-01;VERBINDLICHKEITEN-ACCRUED;;
2090-26;2090;26;5080;L; ;2090-01;VERBINDLICHKEITEN-ACCRUED;;
2091-19;2091;19;0;L;;2091-01;VERBINDLICHKEITEN AUS LUL;;
2091-20;2091;20;0;L;;2091-01;VERBINDLICHKEITEN AUS LUL;;
2091-25;2091;25;0;L;;2091-01;VERBINDLICHKEITEN AUS LUL;;
2091-26;2091;26;0;L;;2091-01;VERBINDLICHKEITEN AUS LUL;;
1100-19;1100;19;5013;A; ;1100-01;FORDERUNGEN;;
1100-20;1100;20;5013;A; ;1100-01;FORDERUNGEN;;
1100-25;1100;25;5013;A; ;1100-01;FORDERUNGEN;;
1100-26;1100;26;5013;A; ;1100-01;FORDERUNGEN;;
1106-19;1106;19;0;A;;1106-19;FORDERUNGEN - CTB;;
1104-19;1104;19;0;A;;1104-19;FORDERUNGEN - CTC;;
1103-19;1103;19;0;A;;1103-19;FORDERUNGEN - CTI;;
1102-19;1102;19;0;A;;1102-19;FORDERUNGEN - CTI MUTTER;;
1107-19;1107;19;0;A;;1107-19;FORDERUNGEN - CTL;;
1200-19;1200;19;5016;A; ;1200-01;FORDERUNGEN - VERBUNDEN;;
1200-20;1200;20;5016;A; ;1200-01;FORDERUNGEN - VERBUNDEN;;
1200-25;1200;25;5016;A; ;1200-01;FORDERUNGEN - VERBUNDEN;;
1200-26;1200;26;5016;A; ;1200-01;FORDERUNGEN - VERBUNDEN;;
1105-19;1105;19;0;A;;1105-19;FORDERUNGEN - CTIS;;
2183-19;2183;19;5100;L; ;2183-01;R?CKSTELLUNG F?R ABSCHLUSSPR?FUNG;;
2183-20;2183;20;5100;L; ;2183-01;R?CKSTELLUNG F?R ABSCHLUSSPR?FUNG;;
2183-25;2183;25;5100;L; ;2183-01;R?CKSTELLUNG F?R ABSCHLUSSPR?FUNG;;
2183-26;2183;26;5100;L; ;2183-01;R?CKSTELLUNG F?R ABSCHLUSSPR?FUNG;;
2181-19;2181;19;5098;L; ;2181-01;AUFGELAUFENE ZINSEN-BANK;;
2181-20;2181;20;5098;L; ;2181-01;AUFGELAUFENE ZINSEN-BANK;;
2181-25;2181;25;5098;L; ;2181-01;AUFGELAUFENE ZINSEN-BANK;;
2181-26;2181;26;5098;L; ;2181-01;AUFGELAUFENE ZINSEN-BANK;;
2182-19;2182;19;5099;L; ;2182-01;AUFGELAUFENE ZINSEN-NAHESTEHENDE PERSONEN;;
2182-20;2182;20;5099;L; ;2182-01;AUFGELAUFENE ZINSEN-NAHESTEHENDE PERSONEN;;
2182-25;2182;25;5099;L; ;2182-01;AUFGELAUFENE ZINSEN-NAHESTEHENDE PERSONEN;;
2182-26;2182;26;5099;L; ;2182-01;AUFGELAUFENE ZINSEN-NAHESTEHENDE PERSONEN;;
2110-19;2110;19;5082;L; ;2110-01;R?CKSTELLUNGEN;;
2110-20;2110;20;5082;L; ;2110-01;R?CKSTELLUNGEN;;
2110-25;2110;25;5082;L; ;2110-01;R?CKSTELLUNGEN;;
2110-26;2110;26;5082;L; ;2110-01;R?CKSTELLUNGEN;;
2141-19;2141;19;5091;L; ;2141-01;AUFGELAUFENE MANAGEMENTVERG?TUNG;;
2141-20;2141;20;5091;L; ;2141-01;AUFGELAUFENE MANAGEMENTVERG?TUNG;;
2141-25;2141;25;5091;L; ;2141-01;AUFGELAUFENE MANAGEMENTVERG?TUNG;;
2141-26;2141;26;5091;L; ;2141-01;AUFGELAUFENE MANAGEMENTVERG?TUNG;;
2190-19;2190;19;5101;L; ;2190-01;ACCRUED LOHNABRECHNUNG;;
2190-20;2190;20;5101;L; ;2190-01;ACCRUED LOHNABRECHNUNG;;
2190-25;2190;25;5101;L; ;2190-01;ACCRUED LOHNABRECHNUNG;;
2190-26;2190;26;5101;L; ;2190-01;ACCRUED LOHNABRECHNUNG;;
2220-19;2220;19;5104;L; ;2220-01;ACCRUED GRUNDSTEUER VERBINDLICHKEITEN;;
2220-20;2220;20;5104;L; ;2220-01;ACCRUED GRUNDSTEUER VERBINDLICHKEITEN;;
2220-25;2220;25;5104;L; ;2220-01;ACCRUED GRUNDSTEUER VERBINDLICHKEITEN;;
2220-26;2220;26;5104;L; ;2220-01;ACCRUED GRUNDSTEUER VERBINDLICHKEITEN;;
2195-19;2195;19;0;L;;2195-19;ACCRUED GRUNDSTEUER VERBINDLICHKEITENILITY;;
2139-19;2139;19;0;L;;2139-01;AUFGELAUFENES KRANKENGELD;;
2139-20;2139;20;0;L;;2139-01;AUFGELAUFENES KRANKENGELD;;
2139-25;2139;25;0;L;;2139-01;AUFGELAUFENES KRANKENGELD;;
2139-26;2139;26;0;L;;2139-01;AUFGELAUFENES KRANKENGELD;;
2138-19;2138;19;0;L;;2138-01;AUFGELAUFENER URLAUB;;
2138-20;2138;20;0;L;;2138-01;AUFGELAUFENER URLAUB;;
2138-25;2138;25;0;L;;2138-01;AUFGELAUFENER URLAUB;;
2138-26;2138;26;0;L;;2138-01;AUFGELAUFENER URLAUB;;
2210-19;2210;19;5103;L; ;2210-01;AUFGELAUFEN, ANDERE VERBINDLICHKEITEN;;
2210-20;2210;20;5103;L; ;2210-01;AUFGELAUFEN, ANDERE VERBINDLICHKEITEN;;
2210-25;2210;25;5103;L; ;2210-01;AUFGELAUFEN, ANDERE VERBINDLICHKEITEN;;
2210-26;2210;26;5103;L; ;2210-01;AUFGELAUFEN, ANDERE VERBINDLICHKEITEN;;
1681-19;1681;19;0;A;;1681-01;KUMULIERTE ABSCHREIBUNGEN - BETRIEBSAUSSTATTUNG;;
1681-20;1681;20;0;A;;1681-01;KUMULIERTE ABSCHREIBUNGEN - BETRIEBSAUSSTATTUNG;;
1681-25;1681;25;0;A;;1681-01;KUMULIERTE ABSCHREIBUNGEN - BETRIEBSAUSSTATTUNG;;
1681-26;1681;26;0;A;;1681-01;KUMULIERTE ABSCHREIBUNGEN - BETRIEBSAUSSTATTUNG;;
1682-19;1682;19;0;A;;1682-01;KUMULIERTE ABSCHREIBUNGEN - FABRIKVERBESSERUNG;;
1682-20;1682;20;0;A;;1682-01;KUMULIERTE ABSCHREIBUNGEN - FABRIKVERBESSERUNG;;
1682-25;1682;25;0;A;;1682-01;KUMULIERTE ABSCHREIBUNGEN - FABRIKVERBESSERUNG;;
1682-26;1682;26;0;A;;1682-01;KUMULIERTE ABSCHREIBUNGEN - FABRIKVERBESSERUNG;;
1683-19;1683;19;0;A;;1683-01;KUMULIERTE ABSCHREIBUNGEN  - PKW & LKW;;
1683-20;1683;20;0;A;;1683-01;KUMULIERTE ABSCHREIBUNGEN  - PKW & LKW;;
1683-25;1683;25;0;A;;1683-01;KUMULIERTE ABSCHREIBUNGEN  - PKW & LKW;;
1683-26;1683;26;0;A;;1683-01;KUMULIERTE ABSCHREIBUNGEN  - PKW & LKW;;
1684-19;1684;19;0;A;;1684-01;KUMULIERTE ABSCHREIBUNGEN - VERMIETUNG BLADES;;
1684-20;1684;20;0;A;;1684-01;KUMULIERTE ABSCHREIBUNGEN - VERMIETUNG BLADES;;
1684-25;1684;25;0;A;;1684-01;KUMULIERTE ABSCHREIBUNGEN - VERMIETUNG BLADES;;
1684-26;1684;26;0;A;;1684-01;KUMULIERTE ABSCHREIBUNGEN - VERMIETUNG BLADES;;
1685-19;1685;19;0;A;;1685-01;KUMULIERTE ABSCHREIBUNGEN-OFFICE M?BEL & EINRICHTUNG;;
1685-20;1685;20;0;A;;1685-01;KUMULIERTE ABSCHREIBUNGEN-OFFICE M?BEL & EINRICHTUNG;;
1685-25;1685;25;0;A;;1685-01;KUMULIERTE ABSCHREIBUNGEN-OFFICE M?BEL & EINRICHTUNG;;
1685-26;1685;26;0;A;;1685-01;KUMULIERTE ABSCHREIBUNGEN-OFFICE M?BEL & EINRICHTUNG;;
1750-19;1750;19;5068;A; ;1750-01;KUMULIERTE ABSCHREIBUNGEN;;
1750-20;1750;20;5068;A; ;1750-01;KUMULIERTE ABSCHREIBUNGEN;;
1750-25;1750;25;5068;A; ;1750-01;KUMULIERTE ABSCHREIBUNGEN;;
1750-26;1750;26;5068;A; ;1750-01;KUMULIERTE ABSCHREIBUNGEN;;
1210-19;1210;19;5020;A; ;1210-01;VORSCH?SSE AN MITARBEITER;;
1210-20;1210;20;5020;A; ;1210-01;VORSCH?SSE AN MITARBEITER;;
1210-25;1210;25;5020;A; ;1210-01;VORSCH?SSE AN MITARBEITER;;
1210-26;1210;26;5020;A; ;1210-01;VORSCH?SSE AN MITARBEITER;;
8080-19;8080;19;5364;E; ;8080-01;WERBUNG;;
8080-20;8080;20;5364;E; ;8080-01;WERBUNG;;
8080-25;8080;25;5364;E; ;8080-01;WERBUNG;;
8080-26;8080;26;5364;E; ;8080-01;WERBUNG;;
4013-19;4013;19;5218;E; ;4013-01;AERO - CS/NBS-STANDARD EXCH;;
4013-20;4013;20;5218;E; ;4013-01;AERO - CS/NBS-STANDARD EXCH;;
4013-25;4013;25;5218;E; ;4013-01;AERO - CS/NBS-STANDARD EXCH;;
4013-26;4013;26;5218;E; ;4013-01;AERO - CS/NBS-STANDARD EXCH;;
4023-19;4023;19;5227;E; ;4023-01;AERO - CS/UBS-STANDARD EXCH;;
4023-20;4023;20;5227;E; ;4023-01;AERO - CS/UBS-STANDARD EXCH;;
4023-25;4023;25;5227;E; ;4023-01;AERO - CS/UBS-STANDARD EXCH;;
4023-26;4023;26;5227;E; ;4023-01;AERO - CS/UBS-STANDARD EXCH;;
3021-19;3021;19;5134;R; ;3021-01;AEROSPAT-UBS;x;
3021-20;3021;20;5134;R; ;3021-01;AEROSPAT-UBS;x;
3021-25;3021;25;5134;R; ;3021-01;AEROSPAT-UBS;x;
3021-26;3021;26;5134;R; ;3021-01;AEROSPAT-UBS;x;
3058-19;3058;19;5169;R; ;3058-01;ZELLE REP BY EXCH;x;
3058-20;3058;20;5169;R; ;3058-01;ZELLE REP BY EXCH;x;
3058-25;3058;25;5169;R; ;3058-01;ZELLE REP BY EXCH;x;
3058-26;3058;26;5169;R; ;3058-01;ZELLE REP BY EXCH;x;
4088-19;4088;19;5289;E; ;4088-01;ZELLE-CS/MIETE;;
4088-20;4088;20;5289;E; ;4088-01;ZELLE-CS/MIETE;;
4088-25;4088;25;5289;E; ;4088-01;ZELLE-CS/MIETE;;
4088-26;4088;26;5289;E; ;4088-01;ZELLE-CS/MIETE;;
4058-19;4058;19;5260;E; ;4058-01;ZELLE-CS/REP BY EXCH;;
4058-20;4058;20;5260;E; ;4058-01;ZELLE-CS/REP BY EXCH;;
4058-25;4058;25;5260;E; ;4058-01;ZELLE-CS/REP BY EXCH;;
4058-26;4058;26;5260;E; ;4058-01;ZELLE-CS/REP BY EXCH;;
4038-19;4038;19;5241;E; ;4038-01;ZELLE-CS/INSTANDHALTUNG;;
4038-20;4038;20;5241;E; ;4038-01;ZELLE-CS/INSTANDHALTUNG;;
4038-25;4038;25;5241;E; ;4038-01;ZELLE-CS/INSTANDHALTUNG;;
4038-26;4038;26;5241;E; ;4038-01;ZELLE-CS/INSTANDHALTUNG;;
3038-19;3038;19;5149;R; ;3038-01;ZELLE-INSTANDHALTUNG;x;
3038-20;3038;20;5149;R; ;3038-01;ZELLE-INSTANDHALTUNG;x;
3038-25;3038;25;5149;R; ;3038-01;ZELLE-INSTANDHALTUNG;x;
3038-26;3038;26;5149;R; ;3038-01;ZELLE-INSTANDHALTUNG;x;
6150-19;6150;19;5345;E; ;6150-01;GEMEINKOSTENZUSCHLAG;;
6150-20;6150;20;5345;E; ;6150-01;GEMEINKOSTENZUSCHLAG;;
6150-25;6150;25;5345;E; ;6150-01;GEMEINKOSTENZUSCHLAG;;
6150-26;6150;26;5345;E; ;6150-01;GEMEINKOSTENZUSCHLAG;;
8135-19;8135;19;5369;E; ;8135-01;PR?FUNG;;
8135-20;8135;20;5369;E; ;8135-01;PR?FUNG;;
8135-25;8135;25;5369;E; ;8135-01;PR?FUNG;;
8135-26;8135;26;5369;E; ;8135-01;PR?FUNG;;
8070-19;8070;19;5362;E; ;8070-01;PKW & REISEN;;
8070-20;8070;20;5362;E; ;8070-01;PKW & REISEN;;
8070-25;8070;25;5362;E; ;8070-01;PKW & REISEN;;
8070-26;8070;26;5362;E; ;8070-01;PKW & REISEN;;
1630-19;1630;19;5056;A; ;1630-01;PKW & LKW;;
1630-20;1630;20;5056;A; ;1630-01;PKW & LKW;;
1630-25;1630;25;5056;A; ;1630-01;PKW & LKW;;
1630-26;1630;26;5056;A; ;1630-01;PKW & LKW;;
8145-19;8145;19;5371;E; ;8145-01;FORDERUNGSAUSF?LLE/UNEINBRINGLICHE FORDERUNGEN;;
8145-20;8145;20;5371;E; ;8145-01;FORDERUNGSAUSF?LLE/UNEINBRINGLICHE FORDERUNGEN;;
8145-25;8145;25;5371;E; ;8145-01;FORDERUNGSAUSF?LLE/UNEINBRINGLICHE FORDERUNGEN;;
8145-26;8145;26;5371;E; ;8145-01;FORDERUNGSAUSF?LLE/UNEINBRINGLICHE FORDERUNGEN;;
3053-19;3053;19;5164;R; ;3053-01;BELL VERBUNDMATERIAL REP BY EXCH;x;
3053-20;3053;20;5164;R; ;3053-01;BELL VERBUNDMATERIAL REP BY EXCH;x;
3053-25;3053;25;5164;R; ;3053-01;BELL VERBUNDMATERIAL REP BY EXCH;x;
3053-26;3053;26;5164;R; ;3053-01;BELL VERBUNDMATERIAL REP BY EXCH;x;
3033-19;3033;19;5144;R; ;3033-01;BELL VERBUNDMATERIAL- INSTANDHALTUNG;x;
3033-20;3033;20;5144;R; ;3033-01;BELL VERBUNDMATERIAL- INSTANDHALTUNG;x;
3033-25;3033;25;5144;R; ;3033-01;BELL VERBUNDMATERIAL- INSTANDHALTUNG;x;
3033-26;3033;26;5144;R; ;3033-01;BELL VERBUNDMATERIAL- INSTANDHALTUNG;x;
4083-19;4083;19;5284;E; ;4083-01;BELL VERBUNDMATERIAL-CS/MIETE;;
4083-20;4083;20;5284;E; ;4083-01;BELL VERBUNDMATERIAL-CS/MIETE;;
4083-25;4083;25;5284;E; ;4083-01;BELL VERBUNDMATERIAL-CS/MIETE;;
4083-26;4083;26;5284;E; ;4083-01;BELL VERBUNDMATERIAL-CS/MIETE;;
4053-19;4053;19;5255;E; ;4053-01;BELL VERBUNDMATERIAL-CS/REP BY EXCH;;
4053-20;4053;20;5255;E; ;4053-01;BELL VERBUNDMATERIAL-CS/REP BY EXCH;;
4053-25;4053;25;5255;E; ;4053-01;BELL VERBUNDMATERIAL-CS/REP BY EXCH;;
4053-26;4053;26;5255;E; ;4053-01;BELL VERBUNDMATERIAL-CS/REP BY EXCH;;
4033-19;4033;19;5236;E; ;4033-01;BELL VERBUNDMATERIAL-CS/INSTANDHALTUNG;;
4033-20;4033;20;5236;E; ;4033-01;BELL VERBUNDMATERIAL-CS/INSTANDHALTUNG;;
4033-25;4033;25;5236;E; ;4033-01;BELL VERBUNDMATERIAL-CS/INSTANDHALTUNG;;
4033-26;4033;26;5236;E; ;4033-01;BELL VERBUNDMATERIAL-CS/INSTANDHALTUNG;;
4014-19;4014;19;5219;E; ;4014-01;BELL- CS/NBS;;
4014-20;4014;20;5219;E; ;4014-01;BELL- CS/NBS;;
4014-25;4014;25;5219;E; ;4014-01;BELL- CS/NBS;;
4014-26;4014;26;5219;E; ;4014-01;BELL- CS/NBS;;
4024-19;4024;19;5228;E; ;4024-01;BELL- CS/UBS;;
4024-20;4024;20;5228;E; ;4024-01;BELL- CS/UBS;;
4024-25;4024;25;5228;E; ;4024-01;BELL- CS/UBS;;
4024-26;4024;26;5228;E; ;4024-01;BELL- CS/UBS;;
3032-19;3032;19;5143;R; ;3032-01;BELL METALL- INSTANDHALTUNG;x;
3032-20;3032;20;5143;R; ;3032-01;BELL METALL- INSTANDHALTUNG;x;
3032-25;3032;25;5143;R; ;3032-01;BELL METALL- INSTANDHALTUNG;x;
3032-26;3032;26;5143;R; ;3032-01;BELL METALL- INSTANDHALTUNG;x;
4082-19;4082;19;5283;E; ;4082-01;BELL METALL-CS/MIETE;;
4082-20;4082;20;5283;E; ;4082-01;BELL METALL-CS/MIETE;;
4082-25;4082;25;5283;E; ;4082-01;BELL METALL-CS/MIETE;;
4082-26;4082;26;5283;E; ;4082-01;BELL METALL-CS/MIETE;;
4052-19;4052;19;5254;E; ;4052-01;BELL METALL-CS/REP BY EXCH;;
4052-20;4052;20;5254;E; ;4052-01;BELL METALL-CS/REP BY EXCH;;
4052-25;4052;25;5254;E; ;4052-01;BELL METALL-CS/REP BY EXCH;;
4052-26;4052;26;5254;E; ;4052-01;BELL METALL-CS/REP BY EXCH;;
4032-19;4032;19;5235;E; ;4032-01;BELL METALL-CS/INSTANDHALTUNG;;
4032-20;4032;20;5235;E; ;4032-01;BELL METALL-CS/INSTANDHALTUNG;;
4032-25;4032;25;5235;E; ;4032-01;BELL METALL-CS/INSTANDHALTUNG;;
4032-26;4032;26;5235;E; ;4032-01;BELL METALL-CS/INSTANDHALTUNG;;
3052-19;3052;19;5163;R; ;3052-01;BELL REP BY EXCH;x;
3052-20;3052;20;5163;R; ;3052-01;BELL REP BY EXCH;x;
3052-25;3052;25;5163;R; ;3052-01;BELL REP BY EXCH;x;
3052-26;3052;26;5163;R; ;3052-01;BELL REP BY EXCH;x;
4012-19;4012;19;5217;E; ;4012-01;BELL-CS/NBS;;
4012-20;4012;20;5217;E; ;4012-01;BELL-CS/NBS;;
4012-25;4012;25;5217;E; ;4012-01;BELL-CS/NBS;;
4012-26;4012;26;5217;E; ;4012-01;BELL-CS/NBS;;
4048-19;4048;19;5251;E; ;4048-01;BELL-CS/ERSATZTEILE(MILIT?R);;
4048-20;4048;20;5251;E; ;4048-01;BELL-CS/ERSATZTEILE(MILIT?R);;
4048-25;4048;25;5251;E; ;4048-01;BELL-CS/ERSATZTEILE(MILIT?R);;
4048-26;4048;26;5251;E; ;4048-01;BELL-CS/ERSATZTEILE(MILIT?R);;
4042-19;4042;19;5245;E; ;4042-01;BELL-CS/INSTANDHALTUNG (MILIT?R);;
4042-20;4042;20;5245;E; ;4042-01;BELL-CS/INSTANDHALTUNG (MILIT?R);;
4042-25;4042;25;5245;E; ;4042-01;BELL-CS/INSTANDHALTUNG (MILIT?R);;
4042-26;4042;26;5245;E; ;4042-01;BELL-CS/INSTANDHALTUNG (MILIT?R);;
3012-19;3012;19;5126;R; ;3012-01;BELL-NBS;x;
3012-20;3012;20;5126;R; ;3012-01;BELL-NBS;x;
3012-25;3012;25;5126;R; ;3012-01;BELL-NBS;x;
3012-26;3012;26;5126;R; ;3012-01;BELL-NBS;x;
3048-19;3048;19;5159;R; ;3048-01;BELL-ERSATZTEILE (MILIT?R);x;
3048-20;3048;20;5159;R; ;3048-01;BELL-ERSATZTEILE (MILIT?R);x;
3048-25;3048;25;5159;R; ;3048-01;BELL-ERSATZTEILE (MILIT?R);x;
3048-26;3048;26;5159;R; ;3048-01;BELL-ERSATZTEILE (MILIT?R);x;
3042-19;3042;19;5153;R; ;3042-01;BELL-INSTANDHALTUNG (MILIT?R);x;
3042-20;3042;20;5153;R; ;3042-01;BELL-INSTANDHALTUNG (MILIT?R);x;
3042-25;3042;25;5153;R; ;3042-01;BELL-INSTANDHALTUNG (MILIT?R);x;
3042-26;3042;26;5153;R; ;3042-01;BELL-INSTANDHALTUNG (MILIT?R);x;
4102-19;4102;19;5303;E; ;4102-01;BELL-TANTIEMEN;;
4102-20;4102;20;5303;E; ;4102-01;BELL-TANTIEMEN;;
4102-25;4102;25;5303;E; ;4102-01;BELL-TANTIEMEN;;
4102-26;4102;26;5303;E; ;4102-01;BELL-TANTIEMEN;;
3022-19;3022;19;5135;R; ;3022-01;BELL-UBS;x;
3022-20;3022;20;5135;R; ;3022-01;BELL-UBS;x;
3022-25;3022;25;5135;R; ;3022-01;BELL-UBS;x;
3022-26;3022;26;5135;R; ;3022-01;BELL-UBS;x;
4112-19;4112;19;5309;E; ;4112-01;BELL-GEW?HRLEISTUNG;;
4112-20;4112;20;5309;E; ;4112-01;BELL-GEW?HRLEISTUNG;;
4112-25;4112;25;5309;E; ;4112-01;BELL-GEW?HRLEISTUNG;;
4112-26;4112;26;5309;E; ;4112-01;BELL-GEW?HRLEISTUNG;;
1110-19;1110;19;0;A;;1110-19;FAKTURIERBARE FRACHT;;
6101-19;6101;19;5340;E; ;6101-01;FAKTURIERBARE FRACHT;;
6101-20;6101;20;5340;E; ;6101-01;FAKTURIERBARE FRACHT;;
6101-25;6101;25;5340;E; ;6101-01;FAKTURIERBARE FRACHT;;
6101-26;6101;26;5340;E; ;6101-01;FAKTURIERBARE FRACHT;;
4029-19;4029;19;5232;E; ;4029-01;BOEING - CS/UBS;;
3056-19;3056;19;5167;R; ;3056-01;BOEING REP BY EXCH;x;
3056-20;3056;20;5167;R; ;3056-01;BOEING REP BY EXCH;x;
3056-25;3056;25;5167;R; ;3056-01;BOEING REP BY EXCH;x;
3056-26;3056;26;5167;R; ;3056-01;BOEING REP BY EXCH;x;
4086-19;4086;19;5287;E; ;4086-01;BOEING-CS/MIETE;;
4086-20;4086;20;5287;E; ;4086-01;BOEING-CS/MIETE;;
4086-25;4086;25;5287;E; ;4086-01;BOEING-CS/MIETE;;
4086-26;4086;26;5287;E; ;4086-01;BOEING-CS/MIETE;;
4056-19;4056;19;5258;E; ;4056-01;BOEING-CS/REP BY EXCH;;
4056-20;4056;20;5258;E; ;4056-01;BOEING-CS/REP BY EXCH;;
4056-25;4056;25;5258;E; ;4056-01;BOEING-CS/REP BY EXCH;;
4056-26;4056;26;5258;E; ;4056-01;BOEING-CS/REP BY EXCH;;
4036-19;4036;19;5239;E; ;4036-01;BOEING-CS/INSTANDHALTUNG;;
4036-20;4036;20;5239;E; ;4036-01;BOEING-CS/INSTANDHALTUNG;;
4036-25;4036;25;5239;E; ;4036-01;BOEING-CS/INSTANDHALTUNG;;
4036-26;4036;26;5239;E; ;4036-01;BOEING-CS/INSTANDHALTUNG;;
4045-19;4045;19;5248;E; ;4045-01;BOEING-CS/INSTANDHALTUNG (MILIT?R);;
4045-20;4045;20;5248;E; ;4045-01;BOEING-CS/INSTANDHALTUNG (MILIT?R);;
4045-25;4045;25;5248;E; ;4045-01;BOEING-CS/INSTANDHALTUNG (MILIT?R);;
4045-26;4045;26;5248;E; ;4045-01;BOEING-CS/INSTANDHALTUNG (MILIT?R);;
3036-19;3036;19;5147;R; ;3036-01;BOEING-INSTANDHALTUNG;x;
3036-20;3036;20;5147;R; ;3036-01;BOEING-INSTANDHALTUNG;x;
3036-25;3036;25;5147;R; ;3036-01;BOEING-INSTANDHALTUNG;x;
3036-26;3036;26;5147;R; ;3036-01;BOEING-INSTANDHALTUNG;x;
3045-19;3045;19;5156;R; ;3045-01;BOEING-CS/INSTANDHALTUNG (MILIT?R);x;
3045-20;3045;20;5156;R; ;3045-01;BOEING-CS/INSTANDHALTUNG (MILIT?R);x;
3045-25;3045;25;5156;R; ;3045-01;BOEING-CS/INSTANDHALTUNG (MILIT?R);x;
3045-26;3045;26;5156;R; ;3045-01;BOEING-CS/INSTANDHALTUNG (MILIT?R);x;
4115-19;4115;19;5312;E; ;4115-01;BOEING-GEW?HRLEISTUNG;;
4115-20;4115;20;5312;E; ;4115-01;BOEING-GEW?HRLEISTUNG;;
4115-25;4115;25;5312;E; ;4115-01;BOEING-GEW?HRLEISTUNG;;
4115-26;4115;26;5312;E; ;4115-01;BOEING-GEW?HRLEISTUNG;;
6017-19;6017;19;0;E;;6017-01;BONUS WEIHNACHTEN;;
6017-20;6017;20;0;E;;6017-01;BONUS WEIHNACHTEN;;
6017-25;6017;25;0;E;;6017-01;BONUS WEIHNACHTEN;;
6017-26;6017;26;0;E;;6017-01;BONUS WEIHNACHTEN;;
8051-19;8051;19;0;E;;8051-01;BONI-WEIHNACHTEN;;
8051-20;8051;20;0;E;;8051-01;BONI-WEIHNACHTEN;;
8051-25;8051;25;0;E;;8051-01;BONI-WEIHNACHTEN;;
8051-26;8051;26;0;E;;8051-01;BONI-WEIHNACHTEN;;
9160-19;9160;19;5396;E; ;9160-01;CALIF. GESAMTKONZERNSTEUER;;
9160-20;9160;20;5396;E; ;9160-01;CALIF. GESAMTKONZERNSTEUER;;
9160-25;9160;25;5396;E; ;9160-01;CALIF. GESAMTKONZERNSTEUER;;
9160-26;9160;26;5396;E; ;9160-01;CALIF. GESAMTKONZERNSTEUER;;
1060-19;1060;19;5009;A; ;1060-01;KASSENBESTAND;;
1060-20;1060;20;5009;A; ;1060-01;KASSENBESTAND;;
1060-25;1060;25;5009;A; ;1060-01;KASSENBESTAND;;
1060-26;1060;26;5009;A; ;1060-01;KASSENBESTAND;;
3500-19;3500;19;5212;R; ;3500-01;SKONTI (ZUTREFFEND);x;
3500-20;3500;20;5212;R; ;3500-01;SKONTI (ZUTREFFEND);x;
3500-25;3500;25;5212;R; ;3500-01;SKONTI (ZUTREFFEND);x;
3500-26;3500;26;5212;R; ;3500-01;SKONTI (ZUTREFFEND);x;
1450-19;1450;19;5050;A; ;1450-01;BARGELD VALUE LIFE VERSICHERUNG;;
1450-20;1450;20;5050;A; ;1450-01;BARGELD VALUE LIFE VERSICHERUNG;;
1450-25;1450;25;5050;A; ;1450-01;BARGELD VALUE LIFE VERSICHERUNG;;
1450-26;1450;26;5050;A; ;1450-01;BARGELD VALUE LIFE VERSICHERUNG;;
1000-19;1000;19;5004;A; ;1000-01;BARGELD, ALLGEMEIN;;
1000-20;1000;20;5004;A; ;1000-01;BARGELD, ALLGEMEIN;;
1000-25;1000;25;5004;A; ;1000-01;BARGELD, ALLGEMEIN;;
1000-26;1000;26;5004;A; ;1000-01;BARGELD, ALLGEMEIN;;
1020-19;1020;19;5005;A; ;1020-01;BARGELD, GELD MKT.;;
1020-20;1020;20;5005;A; ;1020-01;BARGELD, GELD MKT.;;
1020-25;1020;25;5005;A; ;1020-01;BARGELD, GELD MKT.;;
1020-26;1020;26;5005;A; ;1020-01;BARGELD, GELD MKT.;;
1030-19;1030;19;5006;A; ;1030-01;ANDERES BARGELD;;
1030-20;1030;20;5006;A; ;1030-01;ANDERES BARGELD;;
1030-25;1030;25;5006;A; ;1030-01;ANDERES BARGELD;;
1030-26;1030;26;5006;A; ;1030-01;ANDERES BARGELD;;
1040-19;1040;19;5007;A; ;1040-01;GEHALTSZAHLUNG;;
1040-20;1040;20;5007;A; ;1040-01;GEHALTSZAHLUNG;;
1040-25;1040;25;5007;A; ;1040-01;GEHALTSZAHLUNG;;
1040-26;1040;26;5007;A; ;1040-01;GEHALTSZAHLUNG;;
1070-19;1070;19;5010;A; ;1070-01;PORTOKASSE;;
1070-20;1070;20;5010;A; ;1070-01;PORTOKASSE;;
1070-25;1070;25;5010;A; ;1070-01;PORTOKASSE;;
1070-26;1070;26;5010;A; ;1070-01;PORTOKASSE;;
1050-19;1050;19;5008;A; ;1050-01;BARGELD-MTB;;
1050-20;1050;20;5008;A; ;1050-01;BARGELD-MTB;;
1050-25;1050;25;5008;A; ;1050-01;BARGELD-MTB;;
1050-26;1050;26;5008;A; ;1050-01;BARGELD-MTB;;
2910-19;2910;19;5116;O; ;2910-01;STAMMAKTIEN;;
2910-20;2910;20;5116;O; ;2910-01;STAMMAKTIEN;;
2910-25;2910;25;5116;O; ;2910-01;STAMMAKTIEN;;
2910-26;2910;26;5116;O; ;2910-01;STAMMAKTIEN;;
1203-19;1203;19;5019;A; ;1203-01;BERATUNGSHONORARE - ENGLAND;;
1203-20;1203;20;5019;A; ;1203-01;BERATUNGSHONORARE - ENGLAND;;
1203-25;1203;25;5019;A; ;1203-01;BERATUNGSHONORARE - ENGLAND;;
1203-26;1203;26;5019;A; ;1203-01;BERATUNGSHONORARE - ENGLAND;;
1202-19;1202;19;5018;A; ;1202-01;BERATUNGSHONORARE - SINGAPUR;;
1202-20;1202;20;5018;A; ;1202-01;BERATUNGSHONORARE - SINGAPUR;;
1202-25;1202;25;5018;A; ;1202-01;BERATUNGSHONORARE - SINGAPUR;;
1202-26;1202;26;5018;A; ;1202-01;BERATUNGSHONORARE - SINGAPUR;;
6076-19;6076;19;0;E;;6076-19;VERTRAG-HANDLING;;
6076-20;6076;20;0;E;;6076-19;VERTRAG-HANDLING;;
6076-25;6076;25;0;E;;6076-25;VERTRAG-HANDLING;;
2920-19;2920;19;5117;O; ;2920-01;EINGEZAHLTES KAPITAL;;
2920-20;2920;20;5117;O; ;2920-01;EINGEZAHLTES KAPITAL;;
2920-25;2920;25;5117;O; ;2920-01;EINGEZAHLTES KAPITAL;;
2920-26;2920;26;5117;O; ;2920-01;EINGEZAHLTES KAPITAL;;
4064-19;4064;19;5265;E; ;4064-01;COS-BLADE GEBINDE;;
4064-20;4064;20;5265;E; ;4064-01;COS-BLADE GEBINDE;;
4064-25;4064;25;5265;E; ;4064-01;COS-BLADE GEBINDE;;
4064-26;4064;26;5265;E; ;4064-01;COS-BLADE GEBINDE;;
4065-19;4065;19;5266;E; ;4065-01;COS-ANLAGEVERM?GEN;;
4065-20;4065;20;5266;E; ;4065-01;COS-ANLAGEVERM?GEN;;
4065-25;4065;25;5266;E; ;4065-01;COS-ANLAGEVERM?GEN;;
4065-26;4065;26;5266;E; ;4065-01;COS-ANLAGEVERM?GEN;;
4066-19;4066;19;5267;E; ;4066-01;COS-HERSTELLUNGSKOSTEN;;
4066-20;4066;20;5267;E; ;4066-01;COS-HERSTELLUNGSKOSTEN;;
4066-25;4066;25;5267;E; ;4066-01;COS-HERSTELLUNGSKOSTEN;;
4066-26;4066;26;5267;E; ;4066-01;COS-HERSTELLUNGSKOSTEN;;
4068-19;4068;19;5269;E; ;4068-01;COS-ANDERES MATERIAL;;
4068-20;4068;20;5269;E; ;4068-01;COS-ANDERES MATERIAL;;
4068-25;4068;25;5269;E; ;4068-01;COS-ANDERES MATERIAL;;
4068-26;4068;26;5269;E; ;4068-01;COS-ANDERES MATERIAL;;
4069-19;4069;19;5270;E; ;4069-01;COS-ANDERE MISC;;
4069-20;4069;20;5270;E; ;4069-01;COS-ANDERE MISC;;
4069-25;4069;25;5270;E; ;4069-01;COS-ANDERE MISC;;
4069-26;4069;26;5270;E; ;4069-01;COS-ANDERE MISC;;
4061-19;4061;19;5263;E; ;4061-01;COS-ERSATZTEILE;;
4061-20;4061;20;5263;E; ;4061-01;COS-ERSATZTEILE;;
4061-25;4061;25;5263;E; ;4061-01;COS-ERSATZTEILE;;
4061-26;4061;26;5263;E; ;4061-01;COS-ERSATZTEILE;;
4010-19;4010;19;5215;E; ;4010-01;UMSATZKOSTEN - NEU BLADES;;
4010-20;4010;20;5215;E; ;4010-01;UMSATZKOSTEN - NEU BLADES;;
4010-25;4010;25;5215;E; ;4010-01;UMSATZKOSTEN - NEU BLADES;;
4010-26;4010;26;5215;E; ;4010-01;UMSATZKOSTEN - NEU BLADES;;
4063-19;4063;19;5264;E; ;4063-01;COS-WERKZEUGBEREITSTELLUNG (NEU);;
4063-20;4063;20;5264;E; ;4063-01;COS-WERKZEUGBEREITSTELLUNG (NEU);;
4063-25;4063;25;5264;E; ;4063-01;COS-WERKZEUGBEREITSTELLUNG (NEU);;
4063-26;4063;26;5264;E; ;4063-01;COS-WERKZEUGBEREITSTELLUNG (NEU);;
4067-19;4067;19;5268;E; ;4067-01;COS-REISE AUFWENDUNGEN;;
4067-20;4067;20;5268;E; ;4067-01;COS-REISE AUFWENDUNGEN;;
4067-25;4067;25;5268;E; ;4067-01;COS-REISE AUFWENDUNGEN;;
4067-26;4067;26;5268;E; ;4067-01;COS-REISE AUFWENDUNGEN;;
2945-19;2945;19;5120;O; ;2945-01;KUMULIERTE TRANS ADJ;;
2945-20;2945;20;5120;O; ;2945-01;KUMULIERTE TRANS ADJ;;
2945-25;2945;25;5120;O; ;2945-01;KUMULIERTE TRANS ADJ;;
2945-26;2945;26;5120;O; ;2945-01;KUMULIERTE TRANS ADJ;;
2941-19;2941;19;0;E;;2941-19;LAUFENDE GEWINNR?CKLAGE-CHARGES;;
2941-20;2941;20;0;E;;2941-19;LAUFENDE GEWINNR?CKLAGE-CHARGES;;
2941-25;2941;25;0;E;;2941-25;LAUFENDE GEWINNR?CKLAGE-CHARGES;;
2941-26;2941;26;0;E;;2941-26;LAUFENDE GEWINNR?CKLAGE-CHARGES;;
2100-19;2100;19;5081;L; ;2100-01;KUNDENANZAHLUNG;;
2100-20;2100;20;5081;L; ;2100-01;KUNDENANZAHLUNG;;
2100-25;2100;25;5081;L; ;2100-01;KUNDENANZAHLUNG;;
2100-26;2100;26;5081;L; ;2100-01;KUNDENANZAHLUNG;;
2115-19;2115;19;5083;L; ;2115-01;PRAP;;
2115-20;2115;20;5083;L; ;2115-01;PRAP;;
2115-25;2115;25;5083;L; ;2115-01;PRAP;;
2115-26;2115;26;5083;L; ;2115-01;PRAP;;
1460-19;1460;19;0;A;;1460-19;LATENTE STEUERN, LAUFEND;;
2200-19;2200;19;5102;L; ;2200-01;LATENTE STEUERN;;
2200-20;2200;20;5102;L; ;2200-01;LATENTE STEUERN;;
2200-25;2200;25;5102;L; ;2200-01;LATENTE STEUERN;;
2200-26;2200;26;5102;L; ;2200-01;LATENTE STEUERN;;
1440-19;1440;19;5049;A; ;1440-01;ANZAHLUNGEN;;
1440-20;1440;20;5049;A; ;1440-01;ANZAHLUNGEN;;
1440-25;1440;25;5049;A; ;1440-01;ANZAHLUNGEN;;
1440-26;1440;26;5049;A; ;1440-01;ANZAHLUNGEN;;
6060-19;6060;19;5333;E; ;6060-01;ABSCHREIBUNG;;
6060-20;6060;20;5333;E; ;6060-01;ABSCHREIBUNG;;
6060-25;6060;25;5333;E; ;6060-01;ABSCHREIBUNG;;
6060-26;6060;26;5333;E; ;6060-01;ABSCHREIBUNG;;
2160-19;2160;19;5093;L; ;2160-01;GEZAHLTE DIVIDENDEN;;
2160-20;2160;20;5093;L; ;2160-01;GEZAHLTE DIVIDENDEN;;
2160-25;2160;25;5093;L; ;2160-01;GEZAHLTE DIVIDENDEN;;
2160-26;2160;26;5093;L; ;2160-01;GEZAHLTE DIVIDENDEN;;
8120-19;8120;19;5367;E; ;8120-01;ABGABEN & BEITR?GE;;
8120-20;8120;20;5367;E; ;8120-01;ABGABEN & BEITR?GE;;
8120-25;8120;25;5367;E; ;8120-01;ABGABEN & BEITR?GE;;
8120-26;8120;26;5367;E; ;8120-01;ABGABEN & BEITR?GE;;
8040-19;8040;19;5352;E; ;8040-01;EMP BEN-ABRRUCH, VERLAGERUNG, & ANDERE;;
8040-20;8040;20;5352;E; ;8040-01;EMP BEN-ABRRUCH, VERLAGERUNG, & ANDERE;;
8040-25;8040;25;5352;E; ;8040-01;EMP BEN-ABRRUCH, VERLAGERUNG, & ANDERE;;
8040-26;8040;26;5352;E; ;8040-01;EMP BEN-ABRRUCH, VERLAGERUNG, & ANDERE;;
6022-19;6022;19;5323;E; ;6022-01;MITARBEITER BEN LTD;;
6022-20;6022;20;5323;E; ;6022-01;MITARBEITER BEN LTD;;
6022-25;6022;25;5323;E; ;6022-01;MITARBEITER BEN LTD;;
6022-26;6022;26;5323;E; ;6022-01;MITARBEITER BEN LTD;;
6024-19;6024;19;5325;E; ;6024-01;MITARBEITER BEN-401K;;
6024-20;6024;20;5325;E; ;6024-01;MITARBEITER BEN-401K;;
6024-25;6024;25;5325;E; ;6024-01;MITARBEITER BEN-401K;;
6024-26;6024;26;5325;E; ;6024-01;MITARBEITER BEN-401K;;
8044-19;8044;19;5356;E; ;8044-01;MITARBEITER BEN-401K;;
8044-20;8044;20;5356;E; ;8044-01;MITARBEITER BEN-401K;;
8044-25;8044;25;5356;E; ;8044-01;MITARBEITER BEN-401K;;
8044-26;8044;26;5356;E; ;8044-01;MITARBEITER BEN-401K;;
6025-19;6025;19;5326;E; ;6025-01;MITARBEITER BEN-FICA;;
6025-20;6025;20;5326;E; ;6025-01;MITARBEITER BEN-FICA;;
6025-25;6025;25;5326;E; ;6025-01;MITARBEITER BEN-FICA;;
6025-26;6025;26;5326;E; ;6025-01;MITARBEITER BEN-FICA;;
8045-19;8045;19;5357;E; ;8045-01;MITARBEITER BEN-FICA;;
8045-20;8045;20;5357;E; ;8045-01;MITARBEITER BEN-FICA;;
8045-25;8045;25;5357;E; ;8045-01;MITARBEITER BEN-FICA;;
8045-26;8045;26;5357;E; ;8045-01;MITARBEITER BEN-FICA;;
6026-19;6026;19;5327;E; ;6026-01;MITARBEITER BEN-FUTA;;
6026-20;6026;20;5327;E; ;6026-01;MITARBEITER BEN-FUTA;;
6026-25;6026;25;5327;E; ;6026-01;MITARBEITER BEN-FUTA;;
6026-26;6026;26;5327;E; ;6026-01;MITARBEITER BEN-FUTA;;
8046-19;8046;19;5358;E; ;8046-01;MITARBEITER BEN-FUTA;;
8046-20;8046;20;5358;E; ;8046-01;MITARBEITER BEN-FUTA;;
8046-25;8046;25;5358;E; ;8046-01;MITARBEITER BEN-FUTA;;
8046-26;8046;26;5358;E; ;8046-01;MITARBEITER BEN-FUTA;;
6021-19;6021;19;5322;E; ;6021-01;MITARBEITER BEN-JEFF.PIL.;;
6021-20;6021;20;5322;E; ;6021-01;MITARBEITER BEN-JEFF.PIL.;;
6021-25;6021;25;5322;E; ;6021-01;MITARBEITER BEN-JEFF.PIL.;;
6021-26;6021;26;5322;E; ;6021-01;MITARBEITER BEN-JEFF.PIL.;;
8041-19;8041;19;5353;E; ;8041-01;MITARBEITER BEN-JEFF.PIL.;;
8041-20;8041;20;5353;E; ;8041-01;MITARBEITER BEN-JEFF.PIL.;;
8041-25;8041;25;5353;E; ;8041-01;MITARBEITER BEN-JEFF.PIL.;;
8041-26;8041;26;5353;E; ;8041-01;MITARBEITER BEN-JEFF.PIL.;;
8042-19;8042;19;5354;E; ;8042-01;MITARBEITER BEN-LTD;;
8042-20;8042;20;5354;E; ;8042-01;MITARBEITER BEN-LTD;;
8042-25;8042;25;5354;E; ;8042-01;MITARBEITER BEN-LTD;;
8042-26;8042;26;5354;E; ;8042-01;MITARBEITER BEN-LTD;;
6027-19;6027;19;5328;E; ;6027-01;MITARBEITER BEN-SUI;;
6027-20;6027;20;5328;E; ;6027-01;MITARBEITER BEN-SUI;;
6027-25;6027;25;5328;E; ;6027-01;MITARBEITER BEN-SUI;;
6027-26;6027;26;5328;E; ;6027-01;MITARBEITER BEN-SUI;;
8047-19;8047;19;5359;E; ;8047-01;MITARBEITER BEN-SUI;;
8047-20;8047;20;5359;E; ;8047-01;MITARBEITER BEN-SUI;;
8047-25;8047;25;5359;E; ;8047-01;MITARBEITER BEN-SUI;;
8047-26;8047;26;5359;E; ;8047-01;MITARBEITER BEN-SUI;;
6028-19;6028;19;5329;E; ;6028-01;MITARBEITER BEN-VACATION;;
6028-20;6028;20;5329;E; ;6028-01;MITARBEITER BEN-VACATION;;
6028-25;6028;25;5329;E; ;6028-01;MITARBEITER BEN-VACATION;;
6028-26;6028;26;5329;E; ;6028-01;MITARBEITER BEN-VACATION;;
8048-19;8048;19;5360;E; ;8048-01;MITARBEITER BEN-VACATION;;
8048-20;8048;20;5360;E; ;8048-01;MITARBEITER BEN-VACATION;;
8048-25;8048;25;5360;E; ;8048-01;MITARBEITER BEN-VACATION;;
8048-26;8048;26;5360;E; ;8048-01;MITARBEITER BEN-VACATION;;
6023-19;6023;19;5324;E; ;6023-01;MITARBEITER BEN-WORK.COMP.;;
6023-20;6023;20;5324;E; ;6023-01;MITARBEITER BEN-WORK.COMP.;;
6023-25;6023;25;5324;E; ;6023-01;MITARBEITER BEN-WORK.COMP.;;
6023-26;6023;26;5324;E; ;6023-01;MITARBEITER BEN-WORK.COMP.;;
8043-19;8043;19;5355;E; ;8043-01;MITARBEITER BEN-WORK.COMP.;;
8043-20;8043;20;5355;E; ;8043-01;MITARBEITER BEN-WORK.COMP.;;
8043-25;8043;25;5355;E; ;8043-01;MITARBEITER BEN-WORK.COMP.;;
8043-26;8043;26;5355;E; ;8043-01;MITARBEITER BEN-WORK.COMP.;;
9171-19;9171;19;5397;E; ;9171-01;MITARBEITER BONI;;
9171-20;9171;20;5397;E; ;9171-01;MITARBEITER BONI;;
9171-25;9171;25;5397;E; ;9171-01;MITARBEITER BONI;;
9171-26;9171;26;5397;E; ;9171-01;MITARBEITER BONI;;
2133-19;2133;19;0;L;;2133-01;MITARBEITER DED - KRANKENVERSICHERUNG;;
2133-20;2133;20;0;L;;2133-01;MITARBEITER DED - KRANKENVERSICHERUNG;;
2133-25;2133;25;0;L;;2133-01;MITARBEITER DED - KRANKENVERSICHERUNG;;
2133-26;2133;26;0;L;;2133-01;MITARBEITER DED - KRANKENVERSICHERUNG;;
1230-19;1230;19;5025;A; ;1230-01;MITARBEITERS DARLEHEN;;
1230-20;1230;20;5025;A; ;1230-01;MITARBEITERS DARLEHEN;;
1230-25;1230;25;5025;A; ;1230-01;MITARBEITERS DARLEHEN;;
1230-26;1230;26;5025;A; ;1230-01;MITARBEITERS DARLEHEN;;
8071-19;8071;19;5363;E; ;8071-01;UNTERHALTUNG;;
8071-20;8071;20;5363;E; ;8071-01;UNTERHALTUNG;;
8071-25;8071;25;5363;E; ;8071-01;UNTERHALTUNG;;
8071-26;8071;26;5363;E; ;8071-01;UNTERHALTUNG;;
8072-19;8072;19;0;E;;8072-01;UNTERHALTUNG - ANDERE;;
8072-20;8072;20;0;E;;8072-01;UNTERHALTUNG - ANDERE;;
8072-25;8072;25;0;E;;8072-01;UNTERHALTUNG - ANDERE;;
8072-26;8072;26;0;E;;8072-01;UNTERHALTUNG - ANDERE;;
6040-19;6040;19;5331;E; ;6040-01;GER?TEREPARATUR;;
6040-20;6040;20;5331;E; ;6040-01;GER?TEREPARATUR;;
6040-25;6040;25;5331;E; ;6040-01;GER?TEREPARATUR;;
6040-26;6040;26;5331;E; ;6040-01;GER?TEREPARATUR;;
9060-26;9060;26;5387;R; ;9060-01;EIGENKAPITAL IN SINGAPUR;x;
9060-19;9060;19;5387;R; ;9060-01;EIGENKAPITAL IN TU;x;
9060-20;9060;20;5387;R; ;9060-01;EIGENKAPITAL IN TU;x;
9060-25;9060;25;5387;R; ;9060-01;EIGENKAPITAL IN TU;x;
4011-19;4011;19;5216;E; ;4011-01;EURO FRANCE-CS/NBS;;
4011-20;4011;20;5216;E; ;4011-01;EURO FRANCE-CS/NBS;;
4011-25;4011;25;5216;E; ;4011-01;EURO FRANCE-CS/NBS;;
4011-26;4011;26;5216;E; ;4011-01;EURO FRANCE-CS/NBS;;
4081-19;4081;19;5282;E; ;4081-01;EURO FRANCE-CS/MIETE;;
4081-20;4081;20;5282;E; ;4081-01;EURO FRANCE-CS/MIETE;;
4081-25;4081;25;5282;E; ;4081-01;EURO FRANCE-CS/MIETE;;
4081-26;4081;26;5282;E; ;4081-01;EURO FRANCE-CS/MIETE;;
4051-19;4051;19;5253;E; ;4051-01;EURO FRANCE-CS/REP BY EXCH;;
4051-20;4051;20;5253;E; ;4051-01;EURO FRANCE-CS/REP BY EXCH;;
4051-25;4051;25;5253;E; ;4051-01;EURO FRANCE-CS/REP BY EXCH;;
4051-26;4051;26;5253;E; ;4051-01;EURO FRANCE-CS/REP BY EXCH;;
4031-19;4031;19;5234;E; ;4031-01;EURO FRANCE-CS/INSTANDHALTUNG;;
4031-20;4031;20;5234;E; ;4031-01;EURO FRANCE-CS/INSTANDHALTUNG;;
4031-25;4031;25;5234;E; ;4031-01;EURO FRANCE-CS/INSTANDHALTUNG;;
4031-26;4031;26;5234;E; ;4031-01;EURO FRANCE-CS/INSTANDHALTUNG;;
4041-19;4041;19;5244;E; ;4041-01;EURO FRANCE-CS/INSTANDHALTUNG (MILIT?R);;
4041-20;4041;20;5244;E; ;4041-01;EURO FRANCE-CS/INSTANDHALTUNG (MILIT?R);;
4041-25;4041;25;5244;E; ;4041-01;EURO FRANCE-CS/INSTANDHALTUNG (MILIT?R);;
4041-26;4041;26;5244;E; ;4041-01;EURO FRANCE-CS/INSTANDHALTUNG (MILIT?R);;
4021-19;4021;19;5225;E; ;4021-01;EURO FRANCE-CS/UBS;;
4021-20;4021;20;5225;E; ;4021-01;EURO FRANCE-CS/UBS;;
4021-25;4021;25;5225;E; ;4021-01;EURO FRANCE-CS/UBS;;
4021-26;4021;26;5225;E; ;4021-01;EURO FRANCE-CS/UBS;;
3011-19;3011;19;5125;R; ;3011-01;EURO FRANCE-NBS;x;
3011-20;3011;20;5125;R; ;3011-01;EURO FRANCE-NBS;x;
3011-25;3011;25;5125;R; ;3011-01;EURO FRANCE-NBS;x;
3011-26;3011;26;5125;R; ;3011-01;EURO FRANCE-NBS;x;
3051-19;3051;19;5162;R; ;3051-01;EURO FRANCE-REP BY EXCH;x;
3051-20;3051;20;5162;R; ;3051-01;EURO FRANCE-REP BY EXCH;x;
3051-25;3051;25;5162;R; ;3051-01;EURO FRANCE-REP BY EXCH;x;
3051-26;3051;26;5162;R; ;3051-01;EURO FRANCE-REP BY EXCH;x;
3031-19;3031;19;5142;R; ;3031-01;EURO FRANCE-INSTANDHALTUNG;x;
3031-20;3031;20;5142;R; ;3031-01;EURO FRANCE-INSTANDHALTUNG;x;
3031-25;3031;25;5142;R; ;3031-01;EURO FRANCE-INSTANDHALTUNG;x;
3031-26;3031;26;5142;R; ;3031-01;EURO FRANCE-INSTANDHALTUNG;x;
3041-19;3041;19;5152;R; ;3041-01;EURO FRANCE-INSTANDHALTUNG (MILIT?R);x;
3041-20;3041;20;5152;R; ;3041-01;EURO FRANCE-INSTANDHALTUNG (MILIT?R);x;
3041-25;3041;25;5152;R; ;3041-01;EURO FRANCE-INSTANDHALTUNG (MILIT?R);x;
3041-26;3041;26;5152;R; ;3041-01;EURO FRANCE-INSTANDHALTUNG (MILIT?R);x;
4101-19;4101;19;5302;E; ;4101-01;EURO FRANCE-TANTIEMEN;;
4101-20;4101;20;5302;E; ;4101-01;EURO FRANCE-TANTIEMEN;;
4101-25;4101;25;5302;E; ;4101-01;EURO FRANCE-TANTIEMEN;;
4101-26;4101;26;5302;E; ;4101-01;EURO FRANCE-TANTIEMEN;;
4111-19;4111;19;5308;E; ;4111-01;EURO FRANCE-GEW?HRLEISTUNG;;
4111-20;4111;20;5308;E; ;4111-01;EURO FRANCE-GEW?HRLEISTUNG;;
4111-25;4111;25;5308;E; ;4111-01;EURO FRANCE-GEW?HRLEISTUNG;;
4111-26;4111;26;5308;E; ;4111-01;EURO FRANCE-GEW?HRLEISTUNG;;
4087-19;4087;19;5288;E; ;4087-01;EURO GERMANY-CS/MIETE;;
4087-20;4087;20;5288;E; ;4087-01;EURO GERMANY-CS/MIETE;;
4087-25;4087;25;5288;E; ;4087-01;EURO GERMANY-CS/MIETE;;
4087-26;4087;26;5288;E; ;4087-01;EURO GERMANY-CS/MIETE;;
4057-19;4057;19;5259;E; ;4057-01;EURO GERMANY-CS/REP BY EXCH;;
4057-20;4057;20;5259;E; ;4057-01;EURO GERMANY-CS/REP BY EXCH;;
4057-25;4057;25;5259;E; ;4057-01;EURO GERMANY-CS/REP BY EXCH;;
4057-26;4057;26;5259;E; ;4057-01;EURO GERMANY-CS/REP BY EXCH;;
4037-19;4037;19;5240;E; ;4037-01;EURO GERMANY-CS/INSTANDHALTUNG;;
4037-20;4037;20;5240;E; ;4037-01;EURO GERMANY-CS/INSTANDHALTUNG;;
4037-25;4037;25;5240;E; ;4037-01;EURO GERMANY-CS/INSTANDHALTUNG;;
4037-26;4037;26;5240;E; ;4037-01;EURO GERMANY-CS/INSTANDHALTUNG;;
4046-19;4046;19;5249;E; ;4046-01;EURO GERMANY-CS/INSTANDHALTUNG (MILIT?R);;
4046-20;4046;20;5249;E; ;4046-01;EURO GERMANY-CS/INSTANDHALTUNG (MILIT?R);;
4046-25;4046;25;5249;E; ;4046-01;EURO GERMANY-CS/INSTANDHALTUNG (MILIT?R);;
4046-26;4046;26;5249;E; ;4046-01;EURO GERMANY-CS/INSTANDHALTUNG (MILIT?R);;
3014-19;3014;19;5128;R; ;3014-01;EURO GERMANY-NBS;x;
3014-20;3014;20;5128;R; ;3014-01;EURO GERMANY-NBS;x;
3014-25;3014;25;5128;R; ;3014-01;EURO GERMANY-NBS;x;
3014-26;3014;26;5128;R; ;3014-01;EURO GERMANY-NBS;x;
3057-19;3057;19;5168;R; ;3057-01;EURO GERMANY-REP BY EXCH;x;
3057-20;3057;20;5168;R; ;3057-01;EURO GERMANY-REP BY EXCH;x;
3057-25;3057;25;5168;R; ;3057-01;EURO GERMANY-REP BY EXCH;x;
3057-26;3057;26;5168;R; ;3057-01;EURO GERMANY-REP BY EXCH;x;
3037-19;3037;19;5148;R; ;3037-01;EURO GERMANY-INSTANDHALTUNG;x;
3037-20;3037;20;5148;R; ;3037-01;EURO GERMANY-INSTANDHALTUNG;x;
3037-25;3037;25;5148;R; ;3037-01;EURO GERMANY-INSTANDHALTUNG;x;
3037-26;3037;26;5148;R; ;3037-01;EURO GERMANY-INSTANDHALTUNG;x;
3046-19;3046;19;5157;R; ;3046-01;EURO GERMANY-INSTANDHALTUNG (MILIT?R);x;
3046-20;3046;20;5157;R; ;3046-01;EURO GERMANY-INSTANDHALTUNG (MILIT?R);x;
3046-25;3046;25;5157;R; ;3046-01;EURO GERMANY-INSTANDHALTUNG (MILIT?R);x;
3046-26;3046;26;5157;R; ;3046-01;EURO GERMANY-INSTANDHALTUNG (MILIT?R);x;
4104-19;4104;19;5305;E; ;4104-01;EURO GERMANY-TANTIEMEN;;
4104-20;4104;20;5305;E; ;4104-01;EURO GERMANY-TANTIEMEN;;
4104-25;4104;25;5305;E; ;4104-01;EURO GERMANY-TANTIEMEN;;
4104-26;4104;26;5305;E; ;4104-01;EURO GERMANY-TANTIEMEN;;
4116-19;4116;19;5313;E; ;4116-01;EURO GERMANY-GEW?HRLEISTUNG;;
4116-20;4116;20;5313;E; ;4116-01;EURO GERMANY-GEW?HRLEISTUNG;;
4116-25;4116;25;5313;E; ;4116-01;EURO GERMANY-GEW?HRLEISTUNG;;
4116-26;4116;26;5313;E; ;4116-01;EURO GERMANY-GEW?HRLEISTUNG;;
9070-20;9070;20;5388;E; ;9070-01;?BERH?HTE ABSCHREIBUNGEN;;
9070-25;9070;25;5388;E; ;9070-01;?BERH?HTE ABSCHREIBUNGEN;;
9070-26;9070;26;5388;E; ;9070-01;?BERH?HTE ABSCHREIBUNGEN;;
9070-19;9070;19;5388;E; ;9070-01;;;
1610-19;1610;19;5054;A; ;1610-01;BETRIEBSAUSSTATTUNG;;
1610-20;1610;20;5054;A; ;1610-01;BETRIEBSAUSSTATTUNG;;
1610-25;1610;25;5054;A; ;1610-01;BETRIEBSAUSSTATTUNG;;
1610-26;1610;26;5054;A; ;1610-01;BETRIEBSAUSSTATTUNG;;
1620-19;1620;19;5055;A; ;1620-01;PRODUKTIONSVERBESSERUNGEN;;
1620-20;1620;20;5055;A; ;1620-01;PRODUKTIONSVERBESSERUNGEN;;
1620-25;1620;25;5055;A; ;1620-01;PRODUKTIONSVERBESSERUNGEN;;
1620-26;1620;26;5055;A; ;1620-01;PRODUKTIONSVERBESSERUNGEN;;
2121-19;2121;19;5085;L; ;2121-01;FED P/R TAX- FICA;;
2121-20;2121;20;5085;L; ;2121-01;FED P/R TAX- FICA;;
2121-25;2121;25;5085;L; ;2121-01;FED P/R TAX- FICA;;
2121-26;2121;26;5085;L; ;2121-01;FED P/R TAX- FICA;;
2122-19;2122;19;5086;L; ;2122-01;FED P/R TAX- FIT;;
2122-20;2122;20;5086;L; ;2122-01;FED P/R TAX- FIT;;
2122-25;2122;25;5086;L; ;2122-01;FED P/R TAX- FIT;;
2122-26;2122;26;5086;L; ;2122-01;FED P/R TAX- FIT;;
2120-19;2120;19;5084;L; ;2120-01;FED P/R TAX- FUTA;;
2120-20;2120;20;5084;L; ;2120-01;FED P/R TAX- FUTA;;
2120-25;2120;25;5084;L; ;2120-01;FED P/R TAX- FUTA;;
2120-26;2120;26;5084;L; ;2120-01;FED P/R TAX- FUTA;;
1300-19;1300;19;5026;A; ;1300-01;FERTIGE ERZEUGNISSE;;
1300-20;1300;20;5026;A; ;1300-01;FERTIGE ERZEUGNISSE;;
1300-25;1300;25;5026;A; ;1300-01;FERTIGE ERZEUGNISSE;;
1300-26;1300;26;5026;A; ;1300-01;FERTIGE ERZEUGNISSE;;
6100-19;6100;19;5339;E; ;6100-01;FRACHT;;
6100-20;6100;20;5339;E; ;6100-01;FRACHT;;
6100-25;6100;25;5339;E; ;6100-01;FRACHT;;
6100-26;6100;26;5339;E; ;6100-01;FRACHT;;
2051-19;2051;19;5078;L;;2051-01;FAKTURIERBARE FRACHT;;
2051-20;2051;20;5078;L;;2051-01;FAKTURIERBARE FRACHT;;
2051-25;2051;25;5078;L;;2051-01;FAKTURIERBARE FRACHT;;
2051-26;2051;26;5078;L;;2051-01;FAKTURIERBARE FRACHT;;
2136-19;2136;19;0;L;;2136-01;PF?NDUNGEN;;
2136-20;2136;20;0;L;;2136-01;PF?NDUNGEN;;
2136-25;2136;25;0;L;;2136-01;PF?NDUNGEN;;
2136-26;2136;26;0;L;;2136-01;PF?NDUNGEN;;
6090-19;6090;19;5338;E; ;6090-01;GAS, ?L UND SCHMIERSTOFF;;
6090-20;6090;20;5338;E; ;6090-01;GAS, ?L UND SCHMIERSTOFF;;
6090-25;6090;25;5338;E; ;6090-01;GAS, ?L UND SCHMIERSTOFF;;
6090-26;6090;26;5338;E; ;6090-01;GAS, ?L UND SCHMIERSTOFF;;
1720-19;1720;19;5066;A; ;1720-01;GESCH?FTS- UND FIRMENWERT;;
1720-20;1720;20;5066;A; ;1720-01;GESCH?FTS- UND FIRMENWERT;;
1720-25;1720;25;5066;A; ;1720-01;GESCH?FTS- UND FIRMENWERT;;
1720-26;1720;26;5066;A; ;1720-01;GESCH?FTS- UND FIRMENWERT;;
6029-19;6029;19;0;E;;6029-01;URLAUB;;
6029-20;6029;20;0;E;;6029-01;URLAUB;;
6029-25;6029;25;0;E;;6029-01;URLAUB;;
6029-26;6029;26;0;E;;6029-01;URLAUB;;
8049-19;8049;19;0;E;;8049-01;URLAUB;;
8049-20;8049;20;0;E;;8049-01;URLAUB;;
8049-25;8049;25;0;E;;8049-01;URLAUB;;
8049-26;8049;26;0;E;;8049-01;URLAUB;;
9150-19;9150;19;5395;E; ;9150-01;EINKOMMENSTEUER;;
9150-20;9150;20;5395;E; ;9150-01;EINKOMMENSTEUER;;
9150-25;9150;25;5395;E; ;9150-01;EINKOMMENSTEUER;;
9150-26;9150;26;5395;E; ;9150-01;EINKOMMENSTEUER;;
2170-19;2170;19;5095;L; ;2170-01;EINKOMMENSTEUER-F?LLIG;;
2170-20;2170;20;5095;L; ;2170-01;EINKOMMENSTEUER-F?LLIG;;
2170-25;2170;25;5095;L; ;2170-01;EINKOMMENSTEUER-F?LLIG;;
2170-26;2170;26;5095;L; ;2170-01;EINKOMMENSTEUER-F?LLIG;;
6011-19;6011;19;5320;E; ;6011-01;INDIRECT LABOR SALARIED;;
6011-20;6011;20;5320;E; ;6011-01;INDIRECT LABOR SALARIED;;
6011-25;6011;25;5320;E; ;6011-01;INDIRECT LABOR SALARIED;;
6011-26;6011;26;5320;E; ;6011-01;INDIRECT LABOR SALARIED;;
6010-19;6010;19;5319;E; ;6010-01;INDIRECT LABOR-DIRECT;;
6010-20;6010;20;5319;E; ;6010-01;INDIRECT LABOR-DIRECT;;
6010-25;6010;25;5319;E; ;6010-01;INDIRECT LABOR-DIRECT;;
6010-26;6010;26;5319;E; ;6010-01;INDIRECT LABOR-DIRECT;;
6110-19;6110;19;5341;E; ;6110-01;VERSICHERUNG;;
6110-20;6110;20;5341;E; ;6110-01;VERSICHERUNG;;
6110-25;6110;25;5341;E; ;6110-01;VERSICHERUNG;;
6110-26;6110;26;5341;E; ;6110-01;VERSICHERUNG;;
3099-19;3099;19;5209;R; ;3099-01;INTERCOMPANY (AUST/ENG/SING);x;
3099-20;3099;20;5209;R; ;3099-01;INTERCOMPANY (AUST/ENG/SING);x;
3099-25;3099;25;5209;R; ;3099-01;INTERCOMPANY (AUST/ENG/SING);x;
3099-26;3099;26;5209;R; ;3099-01;INTERCOMPANY (AUST/ENG/SING);x;
3092-19;3092;19;5202;R; ;3092-01;INTERCOMPANY BLADES;x;
3092-20;3092;20;5202;R; ;3092-01;INTERCOMPANY BLADES;x;
3092-25;3092;25;5202;R; ;3092-01;INTERCOMPANY BLADES;x;
3092-26;3092;26;5202;R; ;3092-01;INTERCOMPANY BLADES;x;
3096-19;3096;19;5206;R; ;3096-01;INTERCOMPANY ERSATZTEILE;x;
3096-20;3096;20;5206;R; ;3096-01;INTERCOMPANY ERSATZTEILE;x;
3096-25;3096;25;5206;R; ;3096-01;INTERCOMPANY ERSATZTEILE;x;
3096-26;3096;26;5206;R; ;3096-01;INTERCOMPANY ERSATZTEILE;x;
3091-19;3091;19;5201;R; ;3091-01;INTERCOMPANY INSTANDHALTUNG;x;
3091-20;3091;20;5201;R; ;3091-01;INTERCOMPANY INSTANDHALTUNG;x;
3091-25;3091;25;5201;R; ;3091-01;INTERCOMPANY INSTANDHALTUNG;x;
3091-26;3091;26;5201;R; ;3091-01;INTERCOMPANY INSTANDHALTUNG;x;
3098-19;3098;19;5208;R; ;3098-01;INTERCOMPANY LIEFERUNGEN;x;
3098-20;3098;20;5208;R; ;3098-01;INTERCOMPANY LIEFERUNGEN;x;
3098-25;3098;25;5208;R; ;3098-01;INTERCOMPANY LIEFERUNGEN;x;
3098-26;3098;26;5208;R; ;3098-01;INTERCOMPANY LIEFERUNGEN;x;
3094-19;3094;19;5204;R; ;3094-01;INTERCOMPANY WERKZEUGBEREITSTELLUNG;x;
3094-20;3094;20;5204;R; ;3094-01;INTERCOMPANY WERKZEUGBEREITSTELLUNG;x;
3094-25;3094;25;5204;R; ;3094-01;INTERCOMPANY WERKZEUGBEREITSTELLUNG;x;
3094-26;3094;26;5204;R; ;3094-01;INTERCOMPANY WERKZEUGBEREITSTELLUNG;x;
4092-19;4092;19;5293;E; ;4092-01;INTERCOMPANY-COS BLADES VERKAUF;;
4092-20;4092;20;5293;E; ;4092-01;INTERCOMPANY-COS BLADES VERKAUF;;
4092-25;4092;25;5293;E; ;4092-01;INTERCOMPANY-COS BLADES VERKAUF;;
4092-26;4092;26;5293;E; ;4092-01;INTERCOMPANY-COS BLADES VERKAUF;;
4093-19;4093;19;5294;E; ;4093-01;INTERCOMPANY-COS AUFWENDUNGEN;;
4093-20;4093;20;5294;E; ;4093-01;INTERCOMPANY-COS AUFWENDUNGEN;;
4093-25;4093;25;5294;E; ;4093-01;INTERCOMPANY-COS AUFWENDUNGEN;;
4093-26;4093;26;5294;E; ;4093-01;INTERCOMPANY-COS AUFWENDUNGEN;;
4095-19;4095;19;5296;E; ;4095-01;INTERCOMPANY-COS ANLAGEVERM?GEN;;
4095-20;4095;20;5296;E; ;4095-01;INTERCOMPANY-COS ANLAGEVERM?GEN;;
4095-25;4095;25;5296;E; ;4095-01;INTERCOMPANY-COS ANLAGEVERM?GEN;;
4095-26;4095;26;5296;E; ;4095-01;INTERCOMPANY-COS ANLAGEVERM?GEN;;
4099-19;4099;19;5300;E; ;4099-01;INTERCOMPANY-COS MISC/ANDERE;;
4099-20;4099;20;5300;E; ;4099-01;INTERCOMPANY-COS MISC/ANDERE;;
4099-25;4099;25;5300;E; ;4099-01;INTERCOMPANY-COS MISC/ANDERE;;
4099-26;4099;26;5300;E; ;4099-01;INTERCOMPANY-COS MISC/ANDERE;;
4096-19;4096;19;5297;E; ;4096-01;INTERCOMPANY-COS ERSATZTEILE;;
4096-20;4096;20;5297;E; ;4096-01;INTERCOMPANY-COS ERSATZTEILE;;
4096-25;4096;25;5297;E; ;4096-01;INTERCOMPANY-COS ERSATZTEILE;;
4096-26;4096;26;5297;E; ;4096-01;INTERCOMPANY-COS ERSATZTEILE;;
4097-19;4097;19;5298;E; ;4097-01;INTERCOMPANY-COS LOHNABRECHNUNG;;
4097-20;4097;20;5298;E; ;4097-01;INTERCOMPANY-COS LOHNABRECHNUNG;;
4097-25;4097;25;5298;E; ;4097-01;INTERCOMPANY-COS LOHNABRECHNUNG;;
4097-26;4097;26;5298;E; ;4097-01;INTERCOMPANY-COS LOHNABRECHNUNG;;
4091-19;4091;19;5292;E; ;4091-01;INTERCOMPANY-COS INSTANDHALTUNG VERKAUF;;
4091-20;4091;20;5292;E; ;4091-01;INTERCOMPANY-COS INSTANDHALTUNG VERKAUF;;
4091-25;4091;25;5292;E; ;4091-01;INTERCOMPANY-COS INSTANDHALTUNG VERKAUF;;
4091-26;4091;26;5292;E; ;4091-01;INTERCOMPANY-COS INSTANDHALTUNG VERKAUF;;
4098-19;4098;19;5299;E; ;4098-01;INTERCOMPANY-COS LIEFERUNGEN;;
4098-20;4098;20;5299;E; ;4098-01;INTERCOMPANY-COS LIEFERUNGEN;;
4098-25;4098;25;5299;E; ;4098-01;INTERCOMPANY-COS LIEFERUNGEN;;
4098-26;4098;26;5299;E; ;4098-01;INTERCOMPANY-COS LIEFERUNGEN;;
4094-19;4094;19;5295;E; ;4094-01;INTERCOMPANY-COS WERKZEUGBEREITSTELLUNG;;
4094-20;4094;20;5295;E; ;4094-01;INTERCOMPANY-COS WERKZEUGBEREITSTELLUNG;;
4094-25;4094;25;5295;E; ;4094-01;INTERCOMPANY-COS WERKZEUGBEREITSTELLUNG;;
4094-26;4094;26;5295;E; ;4094-01;INTERCOMPANY-COS WERKZEUGBEREITSTELLUNG;;
8110-19;8110;19;5366;E; ;8110-01;ZINSEN;;
8110-20;8110;20;5366;E; ;8110-01;ZINSEN;;
8110-25;8110;25;5366;E; ;8110-01;ZINSEN;;
8110-26;8110;26;5366;E; ;8110-01;ZINSEN;;
9072-19;9072;19;5390;E; ;9072-01;ZINSEN ON INTERCOMPNY HELITECH;;
9072-20;9072;20;5390;E; ;9072-01;ZINSEN ON INTERCOMPNY HELITECH;;
9072-25;9072;25;5390;E; ;9072-01;ZINSEN ON INTERCOMPNY HELITECH;;
9072-26;9072;26;5390;E; ;9072-01;ZINSEN ON INTERCOMPNY HELITECH;;
9071-19;9071;19;5389;E; ;9071-01;ZINSEN ON MTB;;
9071-20;9071;20;5389;E; ;9071-01;ZINSEN ON MTB;;
9071-25;9071;25;5389;E; ;9071-01;ZINSEN ON MTB;;
9071-26;9071;26;5389;E; ;9071-01;ZINSEN ON MTB;;
1385-19;1385;19;0;A;;1385-19;ROLLENDE WARE;;
1960-19;1960;19;5071;A; ;1960-01;INVESTITION IN SUB;;
1960-20;1960;20;5071;A; ;1960-01;INVESTITION IN SUB;;
1960-25;1960;25;5071;A; ;1960-01;INVESTITION IN SUB;;
1960-26;1960;26;5071;A; ;1960-01;INVESTITION IN SUB;;
2340-19;2340;19;5112;L; ;2340-01;LEASINGVERBINDLICHKEIT;;
2340-20;2340;20;5112;L; ;2340-01;LEASINGVERBINDLICHKEIT;;
2340-25;2340;25;5112;L; ;2340-01;LEASINGVERBINDLICHKEIT;;
2340-26;2340;26;5112;L; ;2340-01;LEASINGVERBINDLICHKEIT;;
1120-19;1120;19;5014;A; ;1120-01;LESS BERICHTIGUNG F?R UNEINBRINGLICHE FORDERUNGEN;;x
1120-20;1120;20;5014;A; ;1120-01;LESS BERICHTIGUNG F?R UNEINBRINGLICHE FORDERUNGEN;;x
1120-25;1120;25;5014;A; ;1120-01;LESS BERICHTIGUNG F?R UNEINBRINGLICHE FORDERUNGEN;;x
1120-26;1120;26;5014;A; ;1120-01;LESS BERICHTIGUNG F?R UNEINBRINGLICHE FORDERUNGEN;;x
1680-19;1680;19;5060;A; ;1680-01;VERMINDERTE ABSCHREIBUNG;;
1680-20;1680;20;5060;A; ;1680-01;VERMINDERTE ABSCHREIBUNG;;
1680-25;1680;25;5060;A; ;1680-01;VERMINDERTE ABSCHREIBUNG;;
1680-26;1680;26;5060;A; ;1680-01;VERMINDERTE ABSCHREIBUNG;;
1711-19;1711;19;5064;A; ;1711-01;DARLEHENSKOSTEN;;
1711-20;1711;20;5064;A; ;1711-01;DARLEHENSKOSTEN;;
1711-25;1711;25;5064;A; ;1711-01;DARLEHENSKOSTEN;;
1711-26;1711;26;5064;A; ;1711-01;DARLEHENSKOSTEN;;
1700-19;1700;19;5062;A; ;1700-01;DARLEHEN RECEIVABLE-VERBUNDEN;;
1700-20;1700;20;5062;A; ;1700-01;DARLEHEN RECEIVABLE-VERBUNDEN;;
1700-25;1700;25;5062;A; ;1700-01;DARLEHEN RECEIVABLE-VERBUNDEN;;
1700-26;1700;26;5062;A; ;1700-01;DARLEHEN RECEIVABLE-VERBUNDEN;;
9075-19;9075;19;5393;E; ;9075-01;VERWALTUNGSVERG?TUNG;;
9075-20;9075;20;5393;E; ;9075-01;VERWALTUNGSVERG?TUNG;;
9075-25;9075;25;5393;E; ;9075-01;VERWALTUNGSVERG?TUNG;;
9075-26;9075;26;5393;E; ;9075-01;VERWALTUNGSVERG?TUNG;;
4016-19;4016;19;5221;E; ;4016-01;MBB - CS/NBS;;
4016-20;4016;20;5221;E; ;4016-01;MBB - CS/NBS;;
4016-25;4016;25;5221;E; ;4016-01;MBB - CS/NBS;;
4016-26;4016;26;5221;E; ;4016-01;MBB - CS/NBS;;
4026-19;4026;19;5230;E; ;4026-01;MBB - CS/UBS;;
4026-20;4026;20;5230;E; ;4026-01;MBB - CS/UBS;;
4026-25;4026;25;5230;E; ;4026-01;MBB - CS/UBS;;
4026-26;4026;26;5230;E; ;4026-01;MBB - CS/UBS;;
3016-19;3016;19;5130;R; ;3016-01;MBB-NBS;x;
3016-20;3016;20;5130;R; ;3016-01;MBB-NBS;x;
3016-25;3016;25;5130;R; ;3016-01;MBB-NBS;x;
3016-26;3016;26;5130;R; ;3016-01;MBB-NBS;x;
3024-19;3024;19;5137;R; ;3024-01;MBB-UBS;x;
3024-20;3024;20;5137;R; ;3024-01;MBB-UBS;x;
3024-25;3024;25;5137;R; ;3024-01;MBB-UBS;x;
3024-26;3024;26;5137;R; ;3024-01;MBB-UBS;x;
3026-19;3026;19;5139;R; ;3026-01;MBB-UBS;x;
3026-20;3026;20;5139;R; ;3026-01;MBB-UBS;x;
3026-25;3026;25;5139;R; ;3026-01;MBB-UBS;x;
3026-26;3026;26;5139;R; ;3026-01;MBB-UBS;x;
4025-19;4025;19;5229;E; ;4025-01;MCDD - CS/UBS;;
4025-20;4025;20;5229;E; ;4025-01;MCDD - CS/UBS;;
4025-25;4025;25;5229;E; ;4025-01;MCDD - CS/UBS;;
4025-26;4025;26;5229;E; ;4025-01;MCDD - CS/UBS;;
4015-19;4015;19;5220;E; ;4015-01;MCDD -CS/NBS;;
4015-20;4015;20;5220;E; ;4015-01;MCDD -CS/NBS;;
4015-25;4015;25;5220;E; ;4015-01;MCDD -CS/NBS;;
4015-26;4015;26;5220;E; ;4015-01;MCDD -CS/NBS;;
3054-19;3054;19;5165;R; ;3054-01;MCDD REP BY EXCH;x;
3054-20;3054;20;5165;R; ;3054-01;MCDD REP BY EXCH;x;
3054-25;3054;25;5165;R; ;3054-01;MCDD REP BY EXCH;x;
3054-26;3054;26;5165;R; ;3054-01;MCDD REP BY EXCH;x;
4084-19;4084;19;5285;E; ;4084-01;MCDD-CS/MIETE;;
4084-20;4084;20;5285;E; ;4084-01;MCDD-CS/MIETE;;
4084-25;4084;25;5285;E; ;4084-01;MCDD-CS/MIETE;;
4084-26;4084;26;5285;E; ;4084-01;MCDD-CS/MIETE;;
4054-19;4054;19;5256;E; ;4054-01;MCDD-CS/REP BY EXCH;;
4054-20;4054;20;5256;E; ;4054-01;MCDD-CS/REP BY EXCH;;
4054-25;4054;25;5256;E; ;4054-01;MCDD-CS/REP BY EXCH;;
4054-26;4054;26;5256;E; ;4054-01;MCDD-CS/REP BY EXCH;;
4034-19;4034;19;5237;E; ;4034-01;MCDD-CS/INSTANDHALTUNG;;
4034-20;4034;20;5237;E; ;4034-01;MCDD-CS/INSTANDHALTUNG;;
4034-25;4034;25;5237;E; ;4034-01;MCDD-CS/INSTANDHALTUNG;;
4034-26;4034;26;5237;E; ;4034-01;MCDD-CS/INSTANDHALTUNG;;
4043-19;4043;19;5246;E; ;4043-01;MCDD-CS/INSTANDHALTUNG (MILIT?R);;
4043-20;4043;20;5246;E; ;4043-01;MCDD-CS/INSTANDHALTUNG (MILIT?R);;
4043-25;4043;25;5246;E; ;4043-01;MCDD-CS/INSTANDHALTUNG (MILIT?R);;
4043-26;4043;26;5246;E; ;4043-01;MCDD-CS/INSTANDHALTUNG (MILIT?R);;
3013-19;3013;19;5127;R; ;3013-01;MCDD-NBS;x;
3013-20;3013;20;5127;R; ;3013-01;MCDD-NBS;x;
3013-25;3013;25;5127;R; ;3013-01;MCDD-NBS;x;
3013-26;3013;26;5127;R; ;3013-01;MCDD-NBS;x;
3015-19;3015;19;5129;R; ;3015-01;MCDD-NBS;x;
3015-20;3015;20;5129;R; ;3015-01;MCDD-NBS;x;
3015-25;3015;25;5129;R; ;3015-01;MCDD-NBS;x;
3015-26;3015;26;5129;R; ;3015-01;MCDD-NBS;x;
3034-19;3034;19;5145;R; ;3034-01;MCDD-INSTANDHALTUNG;x;
3034-20;3034;20;5145;R; ;3034-01;MCDD-INSTANDHALTUNG;x;
3034-25;3034;25;5145;R; ;3034-01;MCDD-INSTANDHALTUNG;x;
3034-26;3034;26;5145;R; ;3034-01;MCDD-INSTANDHALTUNG;x;
3043-19;3043;19;5154;R; ;3043-01;MCDD-INSTANDHALTUNG (MILIT?R);x;
3043-20;3043;20;5154;R; ;3043-01;MCDD-INSTANDHALTUNG (MILIT?R);x;
3043-25;3043;25;5154;R; ;3043-01;MCDD-INSTANDHALTUNG (MILIT?R);x;
3043-26;3043;26;5154;R; ;3043-01;MCDD-INSTANDHALTUNG (MILIT?R);x;
4103-19;4103;19;5304;E; ;4103-01;MCDD-TANTIEMEN;;
4103-20;4103;20;5304;E; ;4103-01;MCDD-TANTIEMEN;;
4103-25;4103;25;5304;E; ;4103-01;MCDD-TANTIEMEN;;
4103-26;4103;26;5304;E; ;4103-01;MCDD-TANTIEMEN;;
3023-19;3023;19;5136;R; ;3023-01;MCDD-UBS;x;
3023-20;3023;20;5136;R; ;3023-01;MCDD-UBS;x;
3023-25;3023;25;5136;R; ;3023-01;MCDD-UBS;x;
3023-26;3023;26;5136;R; ;3023-01;MCDD-UBS;x;
3025-19;3025;19;5138;R; ;3025-01;MCDD-UBS;x;
3025-20;3025;20;5138;R; ;3025-01;MCDD-UBS;x;
3025-25;3025;25;5138;R; ;3025-01;MCDD-UBS;x;
3025-26;3025;26;5138;R; ;3025-01;MCDD-UBS;x;
4113-19;4113;19;5310;E; ;4113-01;MCDD-GEW?HRLEISTUNG;;
4113-20;4113;20;5310;E; ;4113-01;MCDD-GEW?HRLEISTUNG;;
4113-25;4113;25;5310;E; ;4113-01;MCDD-GEW?HRLEISTUNG;;
4113-26;4113;26;5310;E; ;4113-01;MCDD-GEW?HRLEISTUNG;;
2800-15;2800;15;0;E;;2800-15;MINORITY ZINSEN;;
6140-19;6140;19;5344;E; ;6140-01;SONSTIGES;;
6140-20;6140;20;5344;E; ;6140-01;SONSTIGES;;
6140-25;6140;25;5344;E; ;6140-01;SONSTIGES;;
6140-26;6140;26;5344;E; ;6140-01;SONSTIGES;;
9200-19;9200;19;5398;R; ;9200-01;BILANZGEWINN (VERLUST);;
9200-20;9200;20;5398;R; ;9200-01;BILANZGEWINN (VERLUST);;
9200-25;9200;25;5398;R; ;9200-01;BILANZGEWINN (VERLUST);;
9200-26;9200;26;5398;R; ;9200-01;BILANZGEWINN (VERLUST);;
3010-19;3010;19;5124;R; ;3010-01;NEU BLADE VERKAUF;x;
3010-20;3010;20;5124;R; ;3010-01;NEU BLADE VERKAUF;x;
3010-25;3010;25;5124;R; ;3010-01;NEU BLADE VERKAUF;x;
3010-26;3010;26;5124;R; ;3010-01;NEU BLADE VERKAUF;x;
1712-19;1712;19;5065;A; ;1712-01;WETTBEWERBSVERBOTSVEREINBARUNG;;
1712-20;1712;20;5065;A; ;1712-01;WETTBEWERBSVERBOTSVEREINBARUNG;;
1712-25;1712;25;5065;A; ;1712-01;WETTBEWERBSVERBOTSVEREINBARUNG;;
1712-26;1712;26;5065;A; ;1712-01;WETTBEWERBSVERBOTSVEREINBARUNG;;
4022-19;4022;19;5226;E; ;4022-01;NICHT GENUTZT;;
4022-20;4022;20;5226;E; ;4022-01;NICHT GENUTZT;;
4022-25;4022;25;5226;E; ;4022-01;NICHT GENUTZT;;
4022-26;4022;26;5226;E; ;4022-01;NICHT GENUTZT;;
2310-20;2310;20;5109;L; ;2310-01;NOTE F?LLIG-BANHK;;
2310-25;2310;25;5109;L; ;2310-01;NOTE F?LLIG-BANHK;;
2310-26;2310;26;5109;L; ;2310-01;NOTE F?LLIG-BANHK;;
2310-19;2310;19;5109;L; ;2310-01;NOTE F?LLIG-BANK;;
2320-19;2320;19;5110;L; ;2320-01;NOTE F?LLIG-BH PAZIFIK;;
2320-20;2320;20;5110;L; ;2320-01;NOTE F?LLIG-BH PAZIFIK;;
2320-25;2320;25;5110;L; ;2320-01;NOTE F?LLIG-BH PAZIFIK;;
2320-26;2320;26;5110;L; ;2320-01;NOTE F?LLIG-BH PAZIFIK;;
2070-19;2070;19;5079;L; ;2070-01;MITTEILUNG F?LLIG-KURZFRISTIGER TEIL;;
2070-20;2070;20;5079;L; ;2070-01;MITTEILUNG F?LLIG-KURZFRISTIGER TEIL;;
2070-25;2070;25;5079;L; ;2070-01;MITTEILUNG F?LLIG-KURZFRISTIGER TEIL;;
2070-26;2070;26;5079;L; ;2070-01;MITTEILUNG F?LLIG-KURZFRISTIGER TEIL;;
2330-19;2330;19;5111;L; ;2330-01;NOTE F?LLIG-TCB CARS;;
2330-20;2330;20;5111;L; ;2330-01;NOTE F?LLIG-TCB CARS;;
2330-25;2330;25;5111;L; ;2330-01;NOTE F?LLIG-TCB CARS;;
2330-26;2330;26;5111;L; ;2330-01;NOTE F?LLIG-TCB CARS;;
2315-19;2315;19;0;L;;2315-19;Notes F?LLIG - ANDERE;;
8060-19;8060;19;5361;E; ;8060-01;B?RO AUSGABEN;;
8060-20;8060;20;5361;E; ;8060-01;B?RO AUSGABEN;;
8060-25;8060;25;5361;E; ;8060-01;B?RO AUSGABEN;;
8060-26;8060;26;5361;E; ;8060-01;B?RO AUSGABEN;;
1650-19;1650;19;5399;A; ;1650-01;B?ROM?BEL & AUSSTATTUNG;;
1650-20;1650;20;5399;A; ;1650-01;B?ROM?BEL & AUSSTATTUNG;;
1650-25;1650;25;5399;A; ;1650-01;B?ROM?BEL & AUSSTATTUNG;;
1650-26;1650;26;5399;A; ;1650-01;B?ROM?BEL & AUSSTATTUNG;;
8020-19;8020;19;5350;E; ;8020-01;B?ROGEH?LTER;;
8020-20;8020;20;5350;E; ;8020-01;B?ROGEH?LTER;;
8020-25;8020;25;5350;E; ;8020-01;B?ROGEH?LTER;;
8020-26;8020;26;5350;E; ;8020-01;B?ROGEH?LTER;;
8010-19;8010;19;5349;E; ;8010-01;VERANTWORTLICHENGEH?LTER;;
8010-20;8010;20;5349;E; ;8010-01;VERANTWORTLICHENGEH?LTER;;
8010-25;8010;25;5349;E; ;8010-01;VERANTWORTLICHENGEH?LTER;;
8010-26;8010;26;5349;E; ;8010-01;VERANTWORTLICHENGEH?LTER;;
8146-19;8146;19;5372;E; ;8146-01;VERANTWORTLICHENLEBENSVERSICHEURNG;;
8146-20;8146;20;5372;E; ;8146-01;VERANTWORTLICHENLEBENSVERSICHEURNG;;
8146-25;8146;25;5372;E; ;8146-01;VERANTWORTLICHENLEBENSVERSICHEURNG;;
8146-26;8146;26;5372;E; ;8146-01;VERANTWORTLICHENLEBENSVERSICHEURNG;;
3060-19;3060;19;5171;R; ;3060-01;ANDERE - WERBUNG;x;
3060-20;3060;20;5171;R; ;3060-01;ANDERE - WERBUNG;x;
3060-25;3060;25;5171;R; ;3060-01;ANDERE - WERBUNG;x;
3060-26;3060;26;5171;R; ;3060-01;ANDERE - WERBUNG;x;
4030-19;4030;19;5233;E; ;4030-01;ANDERE - CS/UBS;;
1310-19;1310;19;0;A;;1310-01;ANDERE FERTIGE ERZEUGNISSE;;
1310-20;1310;20;0;A;;1310-01;ANDERE FERTIGE ERZEUGNISSE;;
1310-25;1310;25;0;A;;1310-01;ANDERE FERTIGE ERZEUGNISSE;;
1310-26;1310;26;0;A;;1310-01;ANDERE FERTIGE ERZEUGNISSE;;
9050-19;9050;19;5377;R; ;9050-01;ANDERE I & E - MISC;x;
9050-20;9050;20;5377;R; ;9050-01;ANDERE I & E - MISC;x;
9050-25;9050;25;5377;R; ;9050-01;ANDERE I & E - MISC;x;
9050-26;9050;26;5377;R; ;9050-01;ANDERE I & E - MISC;x;
9053-19;9053;19;5380;R; ;9053-01;ANDERE I&E - INTERCO ZINSEN;x;
9053-20;9053;20;5380;R; ;9053-01;ANDERE I&E - INTERCO ZINSEN;x;
9053-25;9053;25;5380;R; ;9053-01;ANDERE I&E - INTERCO ZINSEN;x;
9053-26;9053;26;5380;R; ;9053-01;ANDERE I&E - INTERCO ZINSEN;x;
9052-19;9052;19;5379;R; ;9052-01;ANDERE E/A - SERVICE CHARGES;x;
9052-20;9052;20;5379;R; ;9052-01;ANDERE E/A - SERVICE CHARGES;x;
9052-25;9052;25;5379;R; ;9052-01;ANDERE E/A - SERVICE CHARGES;x;
9052-26;9052;26;5379;R; ;9052-01;ANDERE E/A - SERVICE CHARGES;x;
9055-19;9055;19;5382;R; ;9055-01;ANDERE E/A A/R & A/P ADJ;x;
9055-20;9055;20;5382;R; ;9055-01;ANDERE E/A A/R & A/P ADJ;x;
9055-25;9055;25;5382;R; ;9055-01;ANDERE E/A A/R & A/P ADJ;x;
9055-26;9055;26;5382;R; ;9055-01;ANDERE E/A A/R & A/P ADJ;x;
9051-19;9051;19;5378;R; ;9051-01;ANDERE E/A BANK ZINSEN EARNED;x;
9051-20;9051;20;5378;R; ;9051-01;ANDERE E/A BANK ZINSEN EARNED;x;
9051-25;9051;25;5378;R; ;9051-01;ANDERE E/A BANK ZINSEN EARNED;x;
9051-26;9051;26;5378;R; ;9051-01;ANDERE E/A BANK ZINSEN EARNED;x;
9059-19;9059;19;5386;R; ;9059-01;ANDERE I&E BERATUNGSHONORARE;x;
9059-20;9059;20;5386;R; ;9059-01;ANDERE I&E BERATUNGSHONORARE;x;
9059-25;9059;25;5386;R; ;9059-01;ANDERE I&E BERATUNGSHONORARE;x;
9059-26;9059;26;5386;R; ;9059-01;ANDERE I&E BERATUNGSHONORARE;x;
9058-19;9058;19;5385;R; ;9058-01;ANDERE E/A ABSCHLUSSPR?FUNGEN;x;
9058-20;9058;20;5385;R; ;9058-01;ANDERE E/A ABSCHLUSSPR?FUNGEN;x;
9058-25;9058;25;5385;R; ;9058-01;ANDERE E/A ABSCHLUSSPR?FUNGEN;x;
9058-26;9058;26;5385;R; ;9058-01;ANDERE E/A ABSCHLUSSPR?FUNGEN;x;
9054-19;9054;19;5381;R; ;9054-01;ANDERE E/A MISC AUSGABEN ZINSEN;x;
9054-20;9054;20;5381;R; ;9054-01;ANDERE E/A MISC AUSGABEN ZINSEN;x;
9054-25;9054;25;5381;R; ;9054-01;ANDERE E/A MISC AUSGABEN ZINSEN;x;
9054-26;9054;26;5381;R; ;9054-01;ANDERE E/A MISC AUSGABEN ZINSEN;x;
9056-19;9056;19;5383;R; ;9056-01;ANDERE E/A VERKAUF VON WIRTSCHAFTSG?TERN;x;
9056-20;9056;20;5383;R; ;9056-01;ANDERE E/A VERKAUF VON WIRTSCHAFTSG?TERN;x;
9056-25;9056;25;5383;R; ;9056-01;ANDERE E/A VERKAUF VON WIRTSCHAFTSG?TERN;x;
9056-26;9056;26;5383;R; ;9056-01;ANDERE E/A VERKAUF VON WIRTSCHAFTSG?TERN;x;
9057-19;9057;19;5384;R;;9057-01;ANDERE E/A-TAUSCH GEWINN/VERLUST;x;
9057-20;9057;20;5384;R;;9057-01;ANDERE E/A-TAUSCH GEWINN/VERLUST;x;
9057-25;9057;25;5384;R;;9057-01;ANDERE E/A-TAUSCH GEWINN/VERLUST;x;
9057-26;9057;26;5384;R;;9057-01;ANDERE E/A-TAUSCH GEWINN/VERLUST;x;
3069-19;3069;19;5179;R; ;3069-01;ANDERE MISC;x;
3069-20;3069;20;5179;R; ;3069-01;ANDERE MISC;x;
3069-25;3069;25;5179;R; ;3069-01;ANDERE MISC;x;
3069-26;3069;26;5179;R; ;3069-01;ANDERE MISC;x;
2137-19;2137;19;0;L;;2137-01;ANDERE MISC-KREDITVEREINIGUNG;;
2137-20;2137;20;0;L;;2137-01;ANDERE MISC-KREDITVEREINIGUNG;;
2137-25;2137;25;0;L;;2137-01;ANDERE MISC-KREDITVEREINIGUNG;;
2137-26;2137;26;0;L;;2137-01;ANDERE MISC-KREDITVEREINIGUNG;;
3059-19;3059;19;5170;R; ;3059-01;ANDERE REP BY EXCH;x;
3059-20;3059;20;5170;R; ;3059-01;ANDERE REP BY EXCH;x;
3059-25;3059;25;5170;R; ;3059-01;ANDERE REP BY EXCH;x;
3059-26;3059;26;5170;R; ;3059-01;ANDERE REP BY EXCH;x;
8030-19;8030;19;5351;E; ;8030-01;ANDERE GEH?LTER;;
8030-20;8030;20;5351;E; ;8030-01;ANDERE GEH?LTER;;
8030-25;8030;25;5351;E; ;8030-01;ANDERE GEH?LTER;;
8030-26;8030;26;5351;E; ;8030-01;ANDERE GEH?LTER;;
4017-19;4017;19;5222;E; ;4017-01;ANDERE-CS/NBS;;
4017-20;4017;20;5222;E; ;4017-01;ANDERE-CS/NBS;;
4017-25;4017;25;5222;E; ;4017-01;ANDERE-CS/NBS;;
4017-26;4017;26;5222;E; ;4017-01;ANDERE-CS/NBS;;
4089-19;4089;19;5290;E; ;4089-01;ANDERE-CS/MIETE;;
4089-20;4089;20;5290;E; ;4089-01;ANDERE-CS/MIETE;;
4089-25;4089;25;5290;E; ;4089-01;ANDERE-CS/MIETE;;
4089-26;4089;26;5290;E; ;4089-01;ANDERE-CS/MIETE;;
4059-19;4059;19;5261;E; ;4059-01;ANDERE-CS/REP BY EXCH;;
4059-20;4059;20;5261;E; ;4059-01;ANDERE-CS/REP BY EXCH;;
4059-25;4059;25;5261;E; ;4059-01;ANDERE-CS/REP BY EXCH;;
4059-26;4059;26;5261;E; ;4059-01;ANDERE-CS/REP BY EXCH;;
4039-19;4039;19;5242;E; ;4039-01;ANDERE-CS/INSTANDHALTUNG;;
4039-20;4039;20;5242;E; ;4039-01;ANDERE-CS/INSTANDHALTUNG;;
4039-25;4039;25;5242;E; ;4039-01;ANDERE-CS/INSTANDHALTUNG;;
4039-26;4039;26;5242;E; ;4039-01;ANDERE-CS/INSTANDHALTUNG;;
4049-19;4049;19;5252;E; ;4049-01;ANDERE-CS/INSTANDHALTUNG (MILIT?R);;
4049-20;4049;20;5252;E; ;4049-01;ANDERE-CS/INSTANDHALTUNG (MILIT?R);;
4049-25;4049;25;5252;E; ;4049-01;ANDERE-CS/INSTANDHALTUNG (MILIT?R);;
4049-26;4049;26;5252;E; ;4049-01;ANDERE-CS/INSTANDHALTUNG (MILIT?R);;
4027-19;4027;19;5231;E; ;4027-01;ANDERE-CS/UBS;;
4027-20;4027;20;5231;E; ;4027-01;ANDERE-CS/UBS;;
4027-25;4027;25;5231;E; ;4027-01;ANDERE-CS/UBS;;
4027-26;4027;26;5231;E; ;4027-01;ANDERE-CS/UBS;;
3017-19;3017;19;5131;R; ;3017-01;ANDERE-NBS;x;
3017-20;3017;20;5131;R; ;3017-01;ANDERE-NBS;x;
3017-25;3017;25;5131;R; ;3017-01;ANDERE-NBS;x;
3017-26;3017;26;5131;R; ;3017-01;ANDERE-NBS;x;
3019-19;3019;19;5132;R; ;3019-01;ANDERE-NBS;x;
3019-20;3019;20;5132;R; ;3019-01;ANDERE-NBS;x;
3019-25;3019;25;5132;R; ;3019-01;ANDERE-NBS;x;
3019-26;3019;26;5132;R; ;3019-01;ANDERE-NBS;x;
4019-19;4019;19;5223;E; ;4019-01;ANDERE-ERSATZTEILE/LIEFERUNGEN;;
4019-20;4019;20;5223;E; ;4019-01;ANDERE-ERSATZTEILE/LIEFERUNGEN;;
4019-25;4019;25;5223;E; ;4019-01;ANDERE-ERSATZTEILE/LIEFERUNGEN;;
4019-26;4019;26;5223;E; ;4019-01;ANDERE-ERSATZTEILE/LIEFERUNGEN;;
3039-19;3039;19;5150;R; ;3039-01;ANDERE-INSTANDHALTUNG;x;
3039-20;3039;20;5150;R; ;3039-01;ANDERE-INSTANDHALTUNG;x;
3039-25;3039;25;5150;R; ;3039-01;ANDERE-INSTANDHALTUNG;x;
3039-26;3039;26;5150;R; ;3039-01;ANDERE-INSTANDHALTUNG;x;
3049-19;3049;19;5160;R; ;3049-01;ANDERE-INSTANDHALTUNG (MILIT?R);x;
3049-20;3049;20;5160;R; ;3049-01;ANDERE-INSTANDHALTUNG (MILIT?R);x;
3049-25;3049;25;5160;R; ;3049-01;ANDERE-INSTANDHALTUNG (MILIT?R);x;
3049-26;3049;26;5160;R; ;3049-01;ANDERE-INSTANDHALTUNG (MILIT?R);x;
4109-19;4109;19;5306;E; ;4109-01;ANDERE-TANTIEMEN;;
4109-20;4109;20;5306;E; ;4109-01;ANDERE-TANTIEMEN;;
4109-25;4109;25;5306;E; ;4109-01;ANDERE-TANTIEMEN;;
4109-26;4109;26;5306;E; ;4109-01;ANDERE-TANTIEMEN;;
3027-19;3027;19;5140;R; ;3027-01;ANDERE-UBS;x;
3027-20;3027;20;5140;R; ;3027-01;ANDERE-UBS;x;
3027-25;3027;25;5140;R; ;3027-01;ANDERE-UBS;x;
3027-26;3027;26;5140;R; ;3027-01;ANDERE-UBS;x;
3029-19;3029;19;0;R;;3029-01;ANDERE-UBS;x;
3029-20;3029;20;0;R;;3029-01;ANDERE-UBS;x;
3029-25;3029;25;0;R;;3029-01;ANDERE-UBS;x;
3029-26;3029;26;0;R;;3029-01;ANDERE-UBS;x;
4119-19;4119;19;5314;E; ;4119-01;ANDERE-GEW?HRLEISTUNG;;
4119-20;4119;20;5314;E; ;4119-01;ANDERE-GEW?HRLEISTUNG;;
4119-25;4119;25;5314;E; ;4119-01;ANDERE-GEW?HRLEISTUNG;;
4119-26;4119;26;5314;E; ;4119-01;ANDERE-GEW?HRLEISTUNG;;
1320-19;1320;19;5027;A; ;1320-01;ERSATZTEILE-WERBUNG;;
1320-20;1320;20;5027;A; ;1320-01;ERSATZTEILE-WERBUNG;;
1320-25;1320;25;5027;A; ;1320-01;ERSATZTEILE-WERBUNG;;
1320-26;1320;26;5027;A; ;1320-01;ERSATZTEILE-WERBUNG;;
1323-19;1323;19;5030;A; ;1323-01;ERSATZTEILE-GOVT OH6;;
1323-20;1323;20;5030;A; ;1323-01;ERSATZTEILE-GOVT OH6;;
1323-25;1323;25;5030;A; ;1323-01;ERSATZTEILE-GOVT OH6;;
1323-26;1323;26;5030;A; ;1323-01;ERSATZTEILE-GOVT OH6;;
1325-19;1325;19;0;A;;1325-01;ERSATZTEILE-GOVT ANDERE;;
1325-20;1325;20;0;A;;1325-01;ERSATZTEILE-GOVT ANDERE;;
1325-25;1325;25;0;A;;1325-01;ERSATZTEILE-GOVT ANDERE;;
1325-26;1325;26;0;A;;1325-01;ERSATZTEILE-GOVT ANDERE;;
1322-19;1322;19;5029;A; ;1322-01;ERSATZTEILE-GOVT UH60;;
1322-20;1322;20;5029;A; ;1322-01;ERSATZTEILE-GOVT UH60;;
1322-25;1322;25;5029;A; ;1322-01;ERSATZTEILE-GOVT UH60;;
1322-26;1322;26;5029;A; ;1322-01;ERSATZTEILE-GOVT UH60;;
1324-19;1324;19;0;A;;1324-01;ERSATZTEILE-GOVT USCG;;
1324-20;1324;20;0;A;;1324-01;ERSATZTEILE-GOVT USCG;;
1324-25;1324;25;0;A;;1324-01;ERSATZTEILE-GOVT USCG;;
1324-26;1324;26;0;A;;1324-01;ERSATZTEILE-GOVT USCG;;
1321-19;1321;19;5028;A; ;1321-01;ERSATZTEILE-WERKZEUGBEREITSTELLUNG;;
1321-20;1321;20;5028;A; ;1321-01;ERSATZTEILE-WERKZEUGBEREITSTELLUNG;;
1321-25;1321;25;5028;A; ;1321-01;ERSATZTEILE-WERKZEUGBEREITSTELLUNG;;
1321-26;1321;26;5028;A; ;1321-01;ERSATZTEILE-WERKZEUGBEREITSTELLUNG;;
2180-19;2180;19;5097;L; ;2180-01;ERFOLGSBONUS;;x
2180-20;2180;20;5097;L; ;2180-01;ERFOLGSBONUS;;x
2180-25;2180;25;5097;L; ;2180-01;ERFOLGSBONUS;;x
2180-26;2180;26;5097;L; ;2180-01;ERFOLGSBONUS;;x
8055-19;8055;19;0;E;;8055-01;PICKNICK UND ABENDESSEN;;
8055-20;8055;20;0;E;;8055-01;PICKNICK UND ABENDESSEN;;
8055-25;8055;25;0;E;;8055-01;PICKNICK UND ABENDESSEN;;
8055-26;8055;26;0;E;;8055-01;PICKNICK UND ABENDESSEN;;
6013-19;6013;19;0;E;;6013-01;PICKNICK UND ABENDESSEN;;
6013-20;6013;20;0;E;;6013-01;PICKNICK UND ABENDESSEN;;
6013-25;6013;25;0;E;;6013-01;PICKNICK UND ABENDESSEN;;
6013-26;6013;26;0;E;;6013-01;PICKNICK UND ABENDESSEN;;
9999-19;9999;19;5399;A; ;9999-01;ANSCHLUSS account;;
9999-20;9999;20;5399;A; ;9999-01;ANSCHLUSS account;;
9999-25;9999;25;5399;A; ;9999-01;ANSCHLUSS account;;
9999-26;9999;26;5399;A; ;9999-01;ANSCHLUSS account;;
1430-19;1430;19;5048;A; ;1430-01;VORAUSGEZAHLTE FED. EINKOMMENSTEUERES;;
1430-20;1430;20;5048;A; ;1430-01;VORAUSGEZAHLTE FED. EINKOMMENSTEUERES;;
1430-25;1430;25;5048;A; ;1430-01;VORAUSGEZAHLTE FED. EINKOMMENSTEUERES;;
1430-26;1430;26;5048;A; ;1430-01;VORAUSGEZAHLTE FED. EINKOMMENSTEUERES;;
1410-19;1410;19;5047;A; ;1410-01;VORAUSGEZAHLTE VERSICHERUNG;;
1410-20;1410;20;5047;A; ;1410-01;VORAUSGEZAHLTE VERSICHERUNG;;
1410-25;1410;25;5047;A; ;1410-01;VORAUSGEZAHLTE VERSICHERUNG;;
1410-26;1410;26;5047;A; ;1410-01;VORAUSGEZAHLTE VERSICHERUNG;;
8130-19;8130;19;5368;E; ;8130-01;PROFESSIONELLE DIENSTLEISTUNGEN;;
8130-20;8130;20;5368;E; ;8130-01;PROFESSIONELLE DIENSTLEISTUNGEN;;
8130-25;8130;25;5368;E; ;8130-01;PROFESSIONELLE DIENSTLEISTUNGEN;;
8130-26;8130;26;5368;E; ;8130-01;PROFESSIONELLE DIENSTLEISTUNGEN;;
6016-19;6016;19;0;E;;6016-01;GEWINNBETEILIGUNG & ARZNEIMITTELPR?FUNG;;
6016-20;6016;20;0;E;;6016-01;GEWINNBETEILIGUNG & ARZNEIMITTELPR?FUNG;;
6016-25;6016;25;0;E;;6016-01;GEWINNBETEILIGUNG & ARZNEIMITTELPR?FUNG;;
6016-26;6016;26;0;E;;6016-01;GEWINNBETEILIGUNG & ARZNEIMITTELPR?FUNG;;
8052-19;8052;19;0;E;;8052-01;GEWINNBETEILIGUNG & ARZNEIMITTELPR?FUNG;;
8052-20;8052;20;0;E;;8052-01;GEWINNBETEILIGUNG & ARZNEIMITTELPR?FUNG;;
8052-25;8052;25;0;E;;8052-01;GEWINNBETEILIGUNG & ARZNEIMITTELPR?FUNG;;
8052-26;8052;26;0;E;;8052-01;GEWINNBETEILIGUNG & ARZNEIMITTELPR?FUNG;;
1670-19;1670;19;5399;A; ;1670-01;VERM?GEN & AUSR?STUNG, KOSTEN;;
1670-20;1670;20;5399;A; ;1670-01;VERM?GEN & AUSR?STUNG, KOSTEN;;
1670-25;1670;25;5399;A; ;1670-01;VERM?GEN & AUSR?STUNG, KOSTEN;;
1670-26;1670;26;5399;A; ;1670-01;VERM?GEN & AUSR?STUNG, KOSTEN;;
6130-19;6130;19;5343;E; ;6130-01;GRUNDSTEUER;;
6130-20;6130;20;5343;E; ;6130-01;GRUNDSTEUER;;
6130-25;6130;25;5343;E; ;6130-01;GRUNDSTEUER;;
6130-26;6130;26;5343;E; ;6130-01;GRUNDSTEUER;;
6030-19;6030;19;5330;E; ;6030-01;MIETE/PACHT;;
6030-20;6030;20;5330;E; ;6030-01;MIETE/PACHT;;
6030-25;6030;25;5330;E; ;6030-01;MIETE/PACHT;;
6030-26;6030;26;5330;E; ;6030-01;MIETE/PACHT;;
3088-19;3088;19;5198;R; ;3088-01;VERMIETUNG-ZELLE;x;
3088-20;3088;20;5198;R; ;3088-01;VERMIETUNG-ZELLE;x;
3088-25;3088;25;5198;R; ;3088-01;VERMIETUNG-ZELLE;x;
3088-26;3088;26;5198;R; ;3088-01;VERMIETUNG-ZELLE;x;
4078-19;4078;19;5279;E; ;4078-01;VERMIETUNG-ZELLE;;
4078-20;4078;20;5279;E; ;4078-01;VERMIETUNG-ZELLE;;
4078-25;4078;25;5279;E; ;4078-01;VERMIETUNG-ZELLE;;
4078-26;4078;26;5279;E; ;4078-01;VERMIETUNG-ZELLE;;
4073-19;4073;19;5274;E; ;4073-01;VERMIETUNG-BELL VERBUNDMATERIAL;;
4073-20;4073;20;5274;E; ;4073-01;VERMIETUNG-BELL VERBUNDMATERIAL;;
4073-25;4073;25;5274;E; ;4073-01;VERMIETUNG-BELL VERBUNDMATERIAL;;
4073-26;4073;26;5274;E; ;4073-01;VERMIETUNG-BELL VERBUNDMATERIAL;;
3082-19;3082;19;5192;R; ;3082-01;VERMIETUNG-BELL METALL;x;
3082-20;3082;20;5192;R; ;3082-01;VERMIETUNG-BELL METALL;x;
3082-25;3082;25;5192;R; ;3082-01;VERMIETUNG-BELL METALL;x;
3082-26;3082;26;5192;R; ;3082-01;VERMIETUNG-BELL METALL;x;
4072-19;4072;19;5273;E; ;4072-01;VERMIETUNG-BELL METALL;;
4072-20;4072;20;5273;E; ;4072-01;VERMIETUNG-BELL METALL;;
4072-25;4072;25;5273;E; ;4072-01;VERMIETUNG-BELL METALL;;
4072-26;4072;26;5273;E; ;4072-01;VERMIETUNG-BELL METALL;;
3086-19;3086;19;5196;R; ;3086-01;VERMIETUNG-BOEING;x;
3086-20;3086;20;5196;R; ;3086-01;VERMIETUNG-BOEING;x;
3086-25;3086;25;5196;R; ;3086-01;VERMIETUNG-BOEING;x;
3086-26;3086;26;5196;R; ;3086-01;VERMIETUNG-BOEING;x;
4076-19;4076;19;5277;E; ;4076-01;VERMIETUNG-BOEING;;
4076-20;4076;20;5277;E; ;4076-01;VERMIETUNG-BOEING;;
4076-25;4076;25;5277;E; ;4076-01;VERMIETUNG-BOEING;;
4076-26;4076;26;5277;E; ;4076-01;VERMIETUNG-BOEING;;
3081-19;3081;19;5191;R; ;3081-01;VERMIETUNG-EURO FRANKREICH;x;
3081-20;3081;20;5191;R; ;3081-01;VERMIETUNG-EURO FRANKREICH;x;
3081-25;3081;25;5191;R; ;3081-01;VERMIETUNG-EURO FRANKREICH;x;
3081-26;3081;26;5191;R; ;3081-01;VERMIETUNG-EURO FRANKREICH;x;
4071-19;4071;19;5272;E; ;4071-01;VERMIETUNG-EURO FRANKREICH;;
4071-20;4071;20;5272;E; ;4071-01;VERMIETUNG-EURO FRANKREICH;;
4071-25;4071;25;5272;E; ;4071-01;VERMIETUNG-EURO FRANKREICH;;
4071-26;4071;26;5272;E; ;4071-01;VERMIETUNG-EURO FRANKREICH;;
3084-19;3084;19;5194;R; ;3084-01;VERMIETUNG-EURO DEUTSCHLAND;x;
3084-20;3084;20;5194;R; ;3084-01;VERMIETUNG-EURO DEUTSCHLAND;x;
3084-25;3084;25;5194;R; ;3084-01;VERMIETUNG-EURO DEUTSCHLAND;x;
3084-26;3084;26;5194;R; ;3084-01;VERMIETUNG-EURO DEUTSCHLAND;x;
4077-19;4077;19;5278;E; ;4077-01;VERMIETUNG-EURO DEUTSCHLAND;;
4077-20;4077;20;5278;E; ;4077-01;VERMIETUNG-EURO DEUTSCHLAND;;
4077-25;4077;25;5278;E; ;4077-01;VERMIETUNG-EURO DEUTSCHLAND;;
4077-26;4077;26;5278;E; ;4077-01;VERMIETUNG-EURO DEUTSCHLAND;;
3087-19;3087;19;5197;R; ;3087-01;VERMIETUNG-MBB;x;
3087-20;3087;20;5197;R; ;3087-01;VERMIETUNG-MBB;x;
3087-25;3087;25;5197;R; ;3087-01;VERMIETUNG-MBB;x;
3087-26;3087;26;5197;R; ;3087-01;VERMIETUNG-MBB;x;
3083-19;3083;19;5193;R; ;3083-01;VERMIETUNG-MCDD;x;
3083-20;3083;20;5193;R; ;3083-01;VERMIETUNG-MCDD;x;
3083-25;3083;25;5193;R; ;3083-01;VERMIETUNG-MCDD;x;
3083-26;3083;26;5193;R; ;3083-01;VERMIETUNG-MCDD;x;
4074-19;4074;19;5275;E; ;4074-01;VERMIETUNG-MCDD;;
4074-20;4074;20;5275;E; ;4074-01;VERMIETUNG-MCDD;;
4074-25;4074;25;5275;E; ;4074-01;VERMIETUNG-MCDD;;
4074-26;4074;26;5275;E; ;4074-01;VERMIETUNG-MCDD;;
4079-19;4079;19;5280;E; ;4079-01;VERMIETUNG-ANDERE;;
4079-20;4079;20;5280;E; ;4079-01;VERMIETUNG-ANDERE;;
4079-25;4079;25;5280;E; ;4079-01;VERMIETUNG-ANDERE;;
4079-26;4079;26;5280;E; ;4079-01;VERMIETUNG-ANDERE;;
3089-19;3089;19;5199;R; ;3089-01;VERMIETUNG-ANDERES;x;
3089-20;3089;20;5199;R; ;3089-01;VERMIETUNG-ANDERES;x;
3089-25;3089;25;5199;R; ;3089-01;VERMIETUNG-ANDERES;x;
3089-26;3089;26;5199;R; ;3089-01;VERMIETUNG-ANDERES;x;
3085-19;3085;19;5195;R; ;3085-01;VERMIETUNG-SIKORSKY;x;
3085-20;3085;20;5195;R; ;3085-01;VERMIETUNG-SIKORSKY;x;
3085-25;3085;25;5195;R; ;3085-01;VERMIETUNG-SIKORSKY;x;
3085-26;3085;26;5195;R; ;3085-01;VERMIETUNG-SIKORSKY;x;
4075-19;4075;19;5276;E; ;4075-01;VERMIETUNG-SIKORSKY;;
4075-20;4075;20;5276;E; ;4075-01;VERMIETUNG-SIKORSKY;;
4075-25;4075;25;5276;E; ;4075-01;VERMIETUNG-SIKORSKY;;
4075-26;4075;26;5276;E; ;4075-01;VERMIETUNG-SIKORSKY;;
6050-19;6050;19;5332;E; ;6050-01;INSTANDHALTUNG & WARTUNG;;
6050-20;6050;20;5332;E; ;6050-01;INSTANDHALTUNG & WARTUNG;;
6050-25;6050;25;5332;E; ;6050-01;INSTANDHALTUNG & WARTUNG;;
6050-26;6050;26;5332;E; ;6050-01;INSTANDHALTUNG & WARTUNG;;
3040-19;3040;19;5151;R; ;3040-01;INSTANDHALTUNG-MILIT?R;x;
3040-20;3040;20;5151;R; ;3040-01;INSTANDHALTUNG-MILIT?R;x;
3040-25;3040;25;5151;R; ;3040-01;INSTANDHALTUNG-MILIT?R;x;
3040-26;3040;26;5151;R; ;3040-01;INSTANDHALTUNG-MILIT?R;x;
1951-19;1951;19;5070;A; ;1951-01;R?CKLAGE FOR UK DEBT;;x
1951-20;1951;20;5070;A; ;1951-01;R?CKLAGE FOR UK DEBT;;x
1951-25;1951;25;5070;A; ;1951-01;R?CKLAGE FOR UK DEBT;;x
1951-26;1951;26;5070;A; ;1951-01;R?CKLAGE FOR UK DEBT;;x
1301-19;1301;19;0;A;;1301-19;R?CKLAGE, VERMIETUNG BLADES;;x
1330-19;1330;19;5031;A; ;1330-01;R?CKLAGE-OBSOL INVENTORY;;x
1330-20;1330;20;5031;A; ;1330-01;R?CKLAGE-OBSOL INVENTORY;;x
1330-25;1330;25;5031;A; ;1330-01;R?CKLAGE-OBSOL INVENTORY;;x
1330-26;1330;26;5031;A; ;1330-01;R?CKLAGE-OBSOL INVENTORY;;x
2930-19;2930;19;5118;O; ;2930-01;GEWINNR?CKLAGE;;
2930-20;2930;20;5118;O; ;2930-01;GEWINNR?CKLAGE;;
2930-25;2930;25;5118;O; ;2930-01;GEWINNR?CKLAGE;;
2930-26;2930;26;5118;O; ;2930-01;GEWINNR?CKLAGE;;
2940-19;2940;19;5119;O; ;2940-01;GEWINNR?CKLAGE LAUFEND;;
2940-20;2940;20;5119;O; ;2940-01;GEWINNR?CKLAGE LAUFEND;;
2940-25;2940;25;5119;O; ;2940-01;GEWINNR?CKLAGE LAUFEND;;
2940-26;2940;26;5119;O; ;2940-01;GEWINNR?CKLAGE LAUFEND;;
1640-19;1640;19;5057;A; ;1640-01;ROTOR BLADE - VERMIETUNG POOL;;
1640-20;1640;20;5057;A; ;1640-01;ROTOR BLADE - VERMIETUNG POOL;;
1640-25;1640;25;5057;A; ;1640-01;ROTOR BLADE - VERMIETUNG POOL;;
1640-26;1640;26;5057;A; ;1640-01;ROTOR BLADE - VERMIETUNG POOL;;
1600-19;1600;19;5053;A; ;1600-01;ROTOR BLADE AUSSTATTUNG;;
1600-20;1600;20;5053;A; ;1600-01;ROTOR BLADE AUSSTATTUNG;;
1600-25;1600;25;5053;A; ;1600-01;ROTOR BLADE AUSSTATTUNG;;
1600-26;1600;26;5053;A; ;1600-01;ROTOR BLADE AUSSTATTUNG;;
2140-19;2140;19;5090;L; ;2140-01;TANTIEMEN F?LLIG;;
2140-20;2140;20;5090;L; ;2140-01;TANTIEMEN F?LLIG;;
2140-25;2140;25;5090;L; ;2140-01;TANTIEMEN F?LLIG;;
2140-26;2140;26;5090;L; ;2140-01;TANTIEMEN F?LLIG;;
4100-19;4100;19;5301;E; ;4100-01;LIZENZGEB?HREN;;
6170-19;6170;19;5346;E;;6170-01;VERKAUF TAX EXPENSE;;
6170-20;6170;20;5346;E;;6170-01;VERKAUF TAX EXPENSE;;
6170-25;6170;25;5346;E;;6170-01;VERKAUF TAX EXPENSE;;
6170-26;6170;26;5346;E;;6170-01;VERKAUF TAX EXPENSE;;
2150-19;2150;19;5092;L; ;2150-01;VERKAUF TAX F?LLIG;;
2150-20;2150;20;5092;L; ;2150-01;VERKAUF TAX F?LLIG;;
2150-25;2150;25;5092;L; ;2150-01;VERKAUF TAX F?LLIG;;
2150-26;2150;26;5092;L; ;2150-01;VERKAUF TAX F?LLIG;;
3064-19;3064;19;5174;R; ;3064-01;VERKAUF-COMM BLADE GEBINDE;x;
3064-20;3064;20;5174;R; ;3064-01;VERKAUF-COMM BLADE GEBINDE;x;
3064-25;3064;25;5174;R; ;3064-01;VERKAUF-COMM BLADE GEBINDE;x;
3064-26;3064;26;5174;R; ;3064-01;VERKAUF-COMM BLADE GEBINDE;x;
3061-19;3061;19;5172;R; ;3061-01;VERKAUF-WERBUNG ERSATZTEILE;x;
3061-20;3061;20;5172;R; ;3061-01;VERKAUF-WERBUNG ERSATZTEILE;x;
3061-25;3061;25;5172;R; ;3061-01;VERKAUF-WERBUNG ERSATZTEILE;x;
3061-26;3061;26;5172;R; ;3061-01;VERKAUF-WERBUNG ERSATZTEILE;x;
3063-19;3063;19;5173;R; ;3063-01;VERKAUF-WERBUNG WERKZEUGBEREITSTELLUNG;x;
3063-20;3063;20;5173;R; ;3063-01;VERKAUF-WERBUNG WERKZEUGBEREITSTELLUNG;x;
3063-25;3063;25;5173;R; ;3063-01;VERKAUF-WERBUNG WERKZEUGBEREITSTELLUNG;x;
3063-26;3063;26;5173;R; ;3063-01;VERKAUF-WERBUNG WERKZEUGBEREITSTELLUNG;x;
3068-19;3068;19;5178;R; ;3068-01;VERKAUF-LIEFERUNGEN;x;
3068-20;3068;20;5178;R; ;3068-01;VERKAUF-LIEFERUNGEN;x;
3068-25;3068;25;5178;R; ;3068-01;VERKAUF-LIEFERUNGEN;x;
3068-26;3068;26;5178;R; ;3068-01;VERKAUF-LIEFERUNGEN;x;
6020-19;6020;19;5321;E; ;6020-01;ABRRUCH & VERLAGERUNG & ANDERE;;
6020-20;6020;20;5321;E; ;6020-01;ABRRUCH & VERLAGERUNG & ANDERE;;
6020-25;6020;25;5321;E; ;6020-01;ABRRUCH & VERLAGERUNG & ANDERE;;
6020-26;6020;26;5321;E; ;6020-01;ABRRUCH & VERLAGERUNG & ANDERE;;
2900-19;2900;19;5115;O; ;2900-01;EIGENKAPITAL;;
2900-20;2900;20;5115;O; ;2900-01;EIGENKAPITAL;;
2900-25;2900;25;5115;O; ;2900-01;EIGENKAPITAL;;
2900-26;2900;26;5115;O; ;2900-01;EIGENKAPITAL;;
6019-19;6019;19;0;E;;6019-01;KRANK;;
6019-20;6019;20;0;E;;6019-01;KRANK;;
6019-25;6019;25;0;E;;6019-01;KRANK;;
6019-26;6019;26;0;E;;6019-01;KRANK;;
8050-19;8050;19;0;E;;8050-01;KRANKENGELD;;
8050-20;8050;20;0;E;;8050-01;KRANKENGELD;;
8050-25;8050;25;0;E;;8050-01;KRANKENGELD;;
8050-26;8050;26;0;E;;8050-01;KRANKENGELD;;
4047-19;4047;19;5250;E; ;4047-01;SIK-CS/ERSATZTEILE(MILIT?R);;
4047-20;4047;20;5250;E; ;4047-01;SIK-CS/ERSATZTEILE(MILIT?R);;
4047-25;4047;25;5250;E; ;4047-01;SIK-CS/ERSATZTEILE(MILIT?R);;
4047-26;4047;26;5250;E; ;4047-01;SIK-CS/ERSATZTEILE(MILIT?R);;
4035-19;4035;19;5238;E; ;4035-01;SIK-CS/INSTANDHALTUNG;;
4035-20;4035;20;5238;E; ;4035-01;SIK-CS/INSTANDHALTUNG;;
4035-25;4035;25;5238;E; ;4035-01;SIK-CS/INSTANDHALTUNG;;
4035-26;4035;26;5238;E; ;4035-01;SIK-CS/INSTANDHALTUNG;;
4044-19;4044;19;5247;E; ;4044-01;SIK-CS/INSTANDHALTUNG (MILIT?R);;
4044-20;4044;20;5247;E; ;4044-01;SIK-CS/INSTANDHALTUNG (MILIT?R);;
4044-25;4044;25;5247;E; ;4044-01;SIK-CS/INSTANDHALTUNG (MILIT?R);;
4044-26;4044;26;5247;E; ;4044-01;SIK-CS/INSTANDHALTUNG (MILIT?R);;
1725-19;1725;19;5067;A; ;1725-01;SIKORSKY LIZENZVEREINBARUNG;;
1725-20;1725;20;5067;A; ;1725-01;SIKORSKY LIZENZVEREINBARUNG;;
1725-25;1725;25;5067;A; ;1725-01;SIKORSKY LIZENZVEREINBARUNG;;
1725-26;1725;26;5067;A; ;1725-01;SIKORSKY LIZENZVEREINBARUNG;;
3055-19;3055;19;5166;R; ;3055-01;SIKORSKY REP BY EXCH;x;
3055-20;3055;20;5166;R; ;3055-01;SIKORSKY REP BY EXCH;x;
3055-25;3055;25;5166;R; ;3055-01;SIKORSKY REP BY EXCH;x;
3055-26;3055;26;5166;R; ;3055-01;SIKORSKY REP BY EXCH;x;
4085-19;4085;19;5286;E; ;4085-01;SIKORSKY-CS/MIETE;;
4085-20;4085;20;5286;E; ;4085-01;SIKORSKY-CS/MIETE;;
4085-25;4085;25;5286;E; ;4085-01;SIKORSKY-CS/MIETE;;
4085-26;4085;26;5286;E; ;4085-01;SIKORSKY-CS/MIETE;;
4055-19;4055;19;5257;E; ;4055-01;SIKORSKY-CS/REP BY EXCH;;
4055-20;4055;20;5257;E; ;4055-01;SIKORSKY-CS/REP BY EXCH;;
4055-25;4055;25;5257;E; ;4055-01;SIKORSKY-CS/REP BY EXCH;;
4055-26;4055;26;5257;E; ;4055-01;SIKORSKY-CS/REP BY EXCH;;
3047-19;3047;19;5158;R; ;3047-01;SIK-ERSATZTEILE (MILIT?R);x;
3047-20;3047;20;5158;R; ;3047-01;SIK-ERSATZTEILE (MILIT?R);x;
3047-25;3047;25;5158;R; ;3047-01;SIK-ERSATZTEILE (MILIT?R);x;
3047-26;3047;26;5158;R; ;3047-01;SIK-ERSATZTEILE (MILIT?R);x;
3035-19;3035;19;5146;R; ;3035-01;SIK-INSTANDHALTUNG;x;
3035-20;3035;20;5146;R; ;3035-01;SIK-INSTANDHALTUNG;x;
3035-25;3035;25;5146;R; ;3035-01;SIK-INSTANDHALTUNG;x;
3035-26;3035;26;5146;R; ;3035-01;SIK-INSTANDHALTUNG;x;
3044-19;3044;19;5155;R; ;3044-01;SIK-INSTANDHALTUNG (MILIT?R);x;
3044-20;3044;20;5155;R; ;3044-01;SIK-INSTANDHALTUNG (MILIT?R);x;
3044-25;3044;25;5155;R; ;3044-01;SIK-INSTANDHALTUNG (MILIT?R);x;
3044-26;3044;26;5155;R; ;3044-01;SIK-INSTANDHALTUNG (MILIT?R);x;
4114-19;4114;19;5311;E; ;4114-01;SIK-GEW?HRLEISTUNG;;
4114-20;4114;20;5311;E; ;4114-01;SIK-GEW?HRLEISTUNG;;
4114-25;4114;25;5311;E; ;4114-01;SIK-GEW?HRLEISTUNG;;
4114-26;4114;26;5311;E; ;4114-01;SIK-GEW?HRLEISTUNG;;
6080-19;6080;19;5337;E; ;6080-01;KLEINE WERKZEUGE;;
6080-20;6080;20;5337;E; ;6080-01;KLEINE WERKZEUGE;;
6080-25;6080;25;5337;E; ;6080-01;KLEINE WERKZEUGE;;
6080-26;6080;26;5337;E; ;6080-01;KLEINE WERKZEUGE;;
3070-19;3070;19;5180;R; ;3070-01;SPEZIALAUFTR?GE (WERKZEUGBEREITSTELLUNG);x;
3070-20;3070;20;5180;R; ;3070-01;SPEZIALAUFTR?GE (WERKZEUGBEREITSTELLUNG);x;
3070-25;3070;25;5180;R; ;3070-01;SPEZIALAUFTR?GE (WERKZEUGBEREITSTELLUNG);x;
3070-26;3070;26;5180;R; ;3070-01;SPEZIALAUFTR?GE (WERKZEUGBEREITSTELLUNG);x;
3078-19;3078;19;5188;R; ;3078-01;SPEZIALAUFTR?GE-ZELLE;x;
3078-20;3078;20;5188;R; ;3078-01;SPEZIALAUFTR?GE-ZELLE;x;
3078-25;3078;25;5188;R; ;3078-01;SPEZIALAUFTR?GE-ZELLE;x;
3078-26;3078;26;5188;R; ;3078-01;SPEZIALAUFTR?GE-ZELLE;x;
3073-19;3073;19;5183;R; ;3073-01;SPEZIALAUFTR?GE-BELL VERBUNDMATERIAL;x;
3073-20;3073;20;5183;R; ;3073-01;SPEZIALAUFTR?GE-BELL VERBUNDMATERIAL;x;
3073-25;3073;25;5183;R; ;3073-01;SPEZIALAUFTR?GE-BELL VERBUNDMATERIAL;x;
3073-26;3073;26;5183;R; ;3073-01;SPEZIALAUFTR?GE-BELL VERBUNDMATERIAL;x;
3072-19;3072;19;5182;R; ;3072-01;SPEZIALAUFTR?GE-BELL METALL;x;
3072-20;3072;20;5182;R; ;3072-01;SPEZIALAUFTR?GE-BELL METALL;x;
3072-25;3072;25;5182;R; ;3072-01;SPEZIALAUFTR?GE-BELL METALL;x;
3072-26;3072;26;5182;R; ;3072-01;SPEZIALAUFTR?GE-BELL METALL;x;
3076-19;3076;19;5186;R; ;3076-01;SPEZIALAUFTR?GE-BOEING;x;
3076-20;3076;20;5186;R; ;3076-01;SPEZIALAUFTR?GE-BOEING;x;
3076-25;3076;25;5186;R; ;3076-01;SPEZIALAUFTR?GE-BOEING;x;
3076-26;3076;26;5186;R; ;3076-01;SPEZIALAUFTR?GE-BOEING;x;
3071-19;3071;19;5181;R; ;3071-01;SPEZIALAUFTR?GE-EURO FRANKREICH;x;
3071-20;3071;20;5181;R; ;3071-01;SPEZIALAUFTR?GE-EURO FRANKREICH;x;
3071-25;3071;25;5181;R; ;3071-01;SPEZIALAUFTR?GE-EURO FRANKREICH;x;
3071-26;3071;26;5181;R; ;3071-01;SPEZIALAUFTR?GE-EURO FRANKREICH;x;
3077-19;3077;19;5187;R; ;3077-01;SPEZIALAUFTR?GE-EURO DEUTSCHLAND;x;
3077-20;3077;20;5187;R; ;3077-01;SPEZIALAUFTR?GE-EURO DEUTSCHLAND;x;
3077-25;3077;25;5187;R; ;3077-01;SPEZIALAUFTR?GE-EURO DEUTSCHLAND;x;
3077-26;3077;26;5187;R; ;3077-01;SPEZIALAUFTR?GE-EURO DEUTSCHLAND;x;
3074-19;3074;19;5184;R; ;3074-01;SPEZIALAUFTR?GE-MCDD;x;
3074-20;3074;20;5184;R; ;3074-01;SPEZIALAUFTR?GE-MCDD;x;
3074-25;3074;25;5184;R; ;3074-01;SPEZIALAUFTR?GE-MCDD;x;
3074-26;3074;26;5184;R; ;3074-01;SPEZIALAUFTR?GE-MCDD;x;
3079-19;3079;19;5189;R; ;3079-01;SPEZIALAUFTR?GE-ANDERE;x;
3079-20;3079;20;5189;R; ;3079-01;SPEZIALAUFTR?GE-ANDERE;x;
3079-25;3079;25;5189;R; ;3079-01;SPEZIALAUFTR?GE-ANDERE;x;
3079-26;3079;26;5189;R; ;3079-01;SPEZIALAUFTR?GE-ANDERE;x;
3075-19;3075;19;5185;R; ;3075-01;SPEZIALAUFTR?GE-SIKORSKY;x;
3075-20;3075;20;5185;R; ;3075-01;SPEZIALAUFTR?GE-SIKORSKY;x;
3075-25;3075;25;5185;R; ;3075-01;SPEZIALAUFTR?GE-SIKORSKY;x;
3075-26;3075;26;5185;R; ;3075-01;SPEZIALAUFTR?GE-SIKORSKY;x;
2132-19;2132;19;5089;L; ;2132-01;LAND P/R TAX- SDI;;
2132-20;2132;20;5089;L; ;2132-01;LAND P/R TAX- SDI;;
2132-25;2132;25;5089;L; ;2132-01;LAND P/R TAX- SDI;;
2132-26;2132;26;5089;L; ;2132-01;LAND P/R TAX- SDI;;
2131-19;2131;19;5088;L; ;2131-01;LAND P/R TAX- SIT;;
2131-20;2131;20;5088;L; ;2131-01;LAND P/R TAX- SIT;;
2131-25;2131;25;5088;L; ;2131-01;LAND P/R TAX- SIT;;
2131-26;2131;26;5088;L; ;2131-01;LAND P/R TAX- SIT;;
2130-19;2130;19;5087;L; ;2130-01;LAND P/R TAX- SUI;;
2130-20;2130;20;5087;L; ;2130-01;LAND P/R TAX- SUI;;
2130-25;2130;25;5087;L; ;2130-01;LAND P/R TAX- SUI;;
2130-26;2130;26;5087;L; ;2130-01;LAND P/R TAX- SUI;;
2171-19;2171;19;5096;L; ;2171-01;L?NDERSTEUER-F?LLIG;;
2171-20;2171;20;5096;L; ;2171-01;L?NDERSTEUER-F?LLIG;;
2171-25;2171;25;5096;L; ;2171-01;L?NDERSTEUER-F?LLIG;;
2171-26;2171;26;5096;L; ;2171-01;L?NDERSTEUER-F?LLIG;;
1710-19;1710;19;5063;A; ;1710-01;STC'S;;
1710-20;1710;20;5063;A; ;1710-01;STC'S;;
1710-25;1710;25;5063;A; ;1710-01;STC'S;;
1710-26;1710;26;5063;A; ;1710-01;STC'S;;
6070-19;6070;19;5335;E; ;6070-01;LIEFERUNGEN;;
6070-20;6070;20;5335;E; ;6070-01;LIEFERUNGEN;;
6070-25;6070;25;5335;E; ;6070-01;LIEFERUNGEN;;
6070-26;6070;26;5335;E; ;6070-01;LIEFERUNGEN;;
6073-19;6073;19;0;E;;6073-01;LIEFERUNGEN - ADHES, PAINT,(MIL);;
6073-20;6073;20;0;E;;6073-01;LIEFERUNGEN - ADHES, PAINT,(MIL);;
6073-25;6073;25;0;E;;6073-01;LIEFERUNGEN - ADHES, PAINT,(MIL);;
6073-26;6073;26;0;E;;6073-01;LIEFERUNGEN - ADHES, PAINT,(MIL);;
6072-19;6072;19;0;E;;6072-01;LIEFERUNGEN - MILIT?R;;
6072-20;6072;20;0;E;;6072-01;LIEFERUNGEN - MILIT?R;;
6072-25;6072;25;0;E;;6072-01;LIEFERUNGEN - MILIT?R;;
6072-26;6072;26;0;E;;6072-01;LIEFERUNGEN - MILIT?R;;
6071-19;6071;19;5336;E; ;6071-01;LIEFERUNGEN-ADHES.,PAINT,FBGLS;;
6071-20;6071;20;5336;E; ;6071-01;LIEFERUNGEN-ADHES.,PAINT,FBGLS;;
6071-25;6071;25;5336;E; ;6071-01;LIEFERUNGEN-ADHES.,PAINT,FBGLS;;
6071-26;6071;26;5336;E; ;6071-01;LIEFERUNGEN-ADHES.,PAINT,FBGLS;;
6069-19;6069;19;5334;E; ;6069-01;LIEFERUNGEN-WERKZEUGBEREITSTELLUNG;;
6069-20;6069;20;5334;E; ;6069-01;LIEFERUNGEN-WERKZEUGBEREITSTELLUNG;;
6069-25;6069;25;5334;E; ;6069-01;LIEFERUNGEN-WERKZEUGBEREITSTELLUNG;;
6069-26;6069;26;5334;E; ;6069-01;LIEFERUNGEN-WERKZEUGBEREITSTELLUNG;;
1950-19;1950;19;5069;A; ;1950-01;SUSPENSE;;
1950-20;1950;20;5069;A; ;1950-01;SUSPENSE;;
1950-25;1950;25;5069;A; ;1950-01;SUSPENSE;;
1950-26;1950;26;5069;A; ;1950-01;SUSPENSE;;
8100-19;8100;19;5365;E; ;8100-01;STEUERN UND LIZENZEN;;
8100-20;8100;20;5365;E; ;8100-01;STEUERN UND LIZENZEN;;
8100-25;8100;25;5365;E; ;8100-01;STEUERN UND LIZENZEN;;
8100-26;8100;26;5365;E; ;8100-01;STEUERN UND LIZENZEN;;
8140-19;8140;19;5370;E; ;8140-01;TELEFON;;
8140-20;8140;20;5370;E; ;8140-01;TELEFON;;
8140-25;8140;25;5370;E; ;8140-01;TELEFON;;
8140-26;8140;26;5370;E; ;8140-01;TELEFON;;
6015-19;6015;19;0;E;;6015-01;TRAINING;;
6015-20;6015;20;0;E;;6015-01;TRAINING;;
6015-25;6015;25;0;E;;6015-01;TRAINING;;
6015-26;6015;26;0;E;;6015-01;TRAINING;;
8053-19;8053;19;0;E;;8053-01;TRAINING;;
8053-20;8053;20;0;E;;8053-01;TRAINING;;
8053-25;8053;25;0;E;;8053-01;TRAINING;;
8053-26;8053;26;0;E;;8053-01;TRAINING;;
6018-19;6018;19;0;E;;6018-01;DIENSTKLEIDUNG;;
6018-20;6018;20;0;E;;6018-01;DIENSTKLEIDUNG;;
6018-25;6018;25;0;E;;6018-01;DIENSTKLEIDUNG;;
6018-26;6018;26;0;E;;6018-01;DIENSTKLEIDUNG;;
6120-19;6120;19;5342;E; ;6120-01;BETRIEBSSTOFFE;;
6120-20;6120;20;5342;E; ;6120-01;BETRIEBSSTOFFE;;
6120-25;6120;25;5342;E; ;6120-01;BETRIEBSSTOFFE;;
6120-26;6120;26;5342;E; ;6120-01;BETRIEBSSTOFFE;;
2050-19;2050;19;5077;L; ;2050-01;GUTSCHEINE F?LLIG;;
2050-20;2050;20;5077;L; ;2050-01;GUTSCHEINE F?LLIG;;
2050-25;2050;25;5077;L; ;2050-01;GUTSCHEINE F?LLIG;;
2050-26;2050;26;5077;L; ;2050-01;GUTSCHEINE F?LLIG;;
1376-19;1376;19;5042;A; ;1376-01;W.I.P. AUSTRALIEN;;
1376-20;1376;20;5042;A; ;1376-01;W.I.P. AUSTRALIEN;;
1376-25;1376;25;5042;A; ;1376-01;W.I.P. AUSTRALIEN;;
1376-26;1376;26;5042;A; ;1376-01;W.I.P. AUSTRALIEN;;
1377-19;1377;19;5043;A; ;1377-01;W.I.P. ENGLAND;;
1377-20;1377;20;5043;A; ;1377-01;W.I.P. ENGLAND;;
1377-25;1377;25;5043;A; ;1377-01;W.I.P. ENGLAND;;
1377-26;1377;26;5043;A; ;1377-01;W.I.P. ENGLAND;;
1353-19;1353;19;0;A;;1353-01;W.I.P. LABOR GOVT OH6;;
1353-20;1353;20;0;A;;1353-01;W.I.P. LABOR GOVT OH6;;
1353-25;1353;25;0;A;;1353-01;W.I.P. LABOR GOVT OH6;;
1353-26;1353;26;0;A;;1353-01;W.I.P. LABOR GOVT OH6;;
1352-19;1352;19;0;A;;1352-01;W.I.P. LABOR GOVT UH60;;
1352-20;1352;20;0;A;;1352-01;W.I.P. LABOR GOVT UH60;;
1352-25;1352;25;0;A;;1352-01;W.I.P. LABOR GOVT UH60;;
1352-26;1352;26;0;A;;1352-01;W.I.P. LABOR GOVT UH60;;
1354-19;1354;19;0;A;;1354-01;W.I.P. LABOR USCG;;
1354-20;1354;20;0;A;;1354-01;W.I.P. LABOR USCG;;
1354-25;1354;25;0;A;;1354-01;W.I.P. LABOR USCG;;
1354-26;1354;26;0;A;;1354-01;W.I.P. LABOR USCG;;
1350-19;1350;19;5032;A; ;1350-01;W.I.P. LABOR/WERBUNG;;
1350-20;1350;20;5032;A; ;1350-01;W.I.P. LABOR/WERBUNG;;
1350-25;1350;25;5032;A; ;1350-01;W.I.P. LABOR/WERBUNG;;
1350-26;1350;26;5032;A; ;1350-01;W.I.P. LABOR/WERBUNG;;
1351-19;1351;19;5033;A; ;1351-01;W.I.P. LABOR/GOV'T WERKZEUGBEREITSTELLUNG;;
1351-20;1351;20;5033;A; ;1351-01;W.I.P. LABOR/GOV'T WERKZEUGBEREITSTELLUNG;;
1351-25;1351;25;5033;A; ;1351-01;W.I.P. LABOR/GOV'T WERKZEUGBEREITSTELLUNG;;
1351-26;1351;26;5033;A; ;1351-01;W.I.P. LABOR/GOV'T WERKZEUGBEREITSTELLUNG;;
1362-19;1362;19;5036;A; ;1362-01;W.I.P. MATERIAL UH60;;
1362-20;1362;20;5036;A; ;1362-01;W.I.P. MATERIAL UH60;;
1362-25;1362;25;5036;A; ;1362-01;W.I.P. MATERIAL UH60;;
1362-26;1362;26;5036;A; ;1362-01;W.I.P. MATERIAL UH60;;
1360-19;1360;19;5034;A; ;1360-01;W.I.P. MATERIAL/WERBUNG;;
1360-20;1360;20;5034;A; ;1360-01;W.I.P. MATERIAL/WERBUNG;;
1360-25;1360;25;5034;A; ;1360-01;W.I.P. MATERIAL/WERBUNG;;
1360-26;1360;26;5034;A; ;1360-01;W.I.P. MATERIAL/WERBUNG;;
1361-19;1361;19;5035;A; ;1361-01;W.I.P. MATERIAL/WERKZEUGBEREITSTELLUNG;;
1361-20;1361;20;5035;A; ;1361-01;W.I.P. MATERIAL/WERKZEUGBEREITSTELLUNG;;
1361-25;1361;25;5035;A; ;1361-01;W.I.P. MATERIAL/WERKZEUGBEREITSTELLUNG;;
1361-26;1361;26;5035;A; ;1361-01;W.I.P. MATERIAL/WERKZEUGBEREITSTELLUNG;;
1374-19;1374;19;5040;A; ;1374-01;W.I.P. MISC WERBUNG;;
1374-20;1374;20;5040;A; ;1374-01;W.I.P. MISC WERBUNG;;
1374-25;1374;25;5040;A; ;1374-01;W.I.P. MISC WERBUNG;;
1374-26;1374;26;5040;A; ;1374-01;W.I.P. MISC WERBUNG;;
1375-19;1375;19;5041;A; ;1375-01;W.I.P. MISC MILIT?R;;
1375-20;1375;20;5041;A; ;1375-01;W.I.P. MISC MILIT?R;;
1375-25;1375;25;5041;A; ;1375-01;W.I.P. MISC MILIT?R;;
1375-26;1375;26;5041;A; ;1375-01;W.I.P. MISC MILIT?R;;
1370-19;1370;19;5037;A; ;1370-01;W.I.P. ANDERE;;
1370-20;1370;20;5037;A; ;1370-01;W.I.P. ANDERE;;
1370-25;1370;25;5037;A; ;1370-01;W.I.P. ANDERE;;
1370-26;1370;26;5037;A; ;1370-01;W.I.P. ANDERE;;
1371-19;1371;19;5038;A; ;1371-01;W.I.P. SINGAPUR;;
1371-20;1371;20;5038;A; ;1371-01;W.I.P. SINGAPUR;;
1371-25;1371;25;5038;A; ;1371-01;W.I.P. SINGAPUR;;
1371-26;1371;26;5038;A; ;1371-01;W.I.P. SINGAPUR;;
4110-19;4110;19;5307;E; ;4110-01;GEW?HRLEISTUNG;;
4110-20;4110;20;5307;E; ;4110-01;GEW?HRLEISTUNG;;
4110-25;4110;25;5307;E; ;4110-01;GEW?HRLEISTUNG;;
4110-26;4110;26;5307;E; ;4110-01;GEW?HRLEISTUNG;;
2161-19;2161;19;5094;L; ;2161-01;GEW?HRLEISTUNGSZUNAHME;;x
2161-20;2161;20;5094;L; ;2161-01;GEW?HRLEISTUNGSZUNAHME;;x
2161-25;2161;25;5094;L; ;2161-01;GEW?HRLEISTUNGSZUNAHME;;x
2161-26;2161;26;5094;L; ;2161-01;GEW?HRLEISTUNGSZUNAHME;;x
6012-19;6012;19;0;E;;6012-01;WELLNESS PROGRAMMM;;
6012-20;6012;20;0;E;;6012-01;WELLNESS PROGRAMMM;;
6012-25;6012;25;0;E;;6012-01;WELLNESS PROGRAMMM;;
6012-26;6012;26;0;E;;6012-01;WELLNESS PROGRAMMM;;
8056-19;8056;19;0;E;;8056-01;WELLNESS PROGRAMMM;;
8056-20;8056;20;0;E;;8056-01;WELLNESS PROGRAMMM;;
8056-25;8056;25;0;E;;8056-01;WELLNESS PROGRAMMM;;
8056-26;8056;26;0;E;;8056-01;WELLNESS PROGRAMMM;;
6014-19;6014;19;0;E;;6014-01;MITARBEITERENTSCH?DIGUNG;;
6014-20;6014;20;0;E;;6014-01;MITARBEITERENTSCH?DIGUNG;;
6014-25;6014;25;0;E;;6014-01;MITARBEITERENTSCH?DIGUNG;;
6014-26;6014;26;0;E;;6014-01;MITARBEITERENTSCH?DIGUNG;;
8054-19;8054;19;0;E;;8054-01;MITARBEITERENTSCH?DIGUNG;;
8054-20;8054;20;0;E;;8054-01;MITARBEITERENTSCH?DIGUNG;;
8054-25;8054;25;0;E;;8054-01;MITARBEITERENTSCH?DIGUNG;;
8054-26;8054;26;0;E;;8054-01;MITARBEITERENTSCH?DIGUNG;;
 300-19;300;19;5001;R; ;_300-01;;x;
 300-20;300;20;5001;R; ;_300-01;;x;
 300-25;300;25;5001;R; ;_300-01;;x;
 300-26;300;26;5001;R; ;_300-01;;x;
 900-19;900;19;5002;A; ;_900-01;;;
 900-20;900;20;5002;A; ;_900-01;;;
 900-25;900;25;5002;A; ;_900-01;;;
 900-26;900;26;5002;A; ;_900-01;;;
 950-19;950;19;5003;A; ;_950-01;;;
 950-20;950;20;5003;A; ;_950-01;;;
 950-25;950;25;5003;A; ;_950-01;;;
 950-26;950;26;5003;A; ;_950-01;;;
1080-19;1080;19;5011;A; ;1080-01;;;
1080-20;1080;20;5011;A; ;1080-01;;;
1080-25;1080;25;5011;A; ;1080-01;;;
1080-26;1080;26;5011;A; ;1080-01;;;
1090-19;1090;19;5012;A; ;1090-01;;;
1090-20;1090;20;5012;A; ;1090-01;;;
1090-25;1090;25;5012;A; ;1090-01;;;
1090-26;1090;26;5012;A; ;1090-01;;;
1130-19;1130;19;5015;A; ;1130-01;;;
1130-20;1130;20;5015;A; ;1130-01;;;
1130-25;1130;25;5015;A; ;1130-01;;;
1130-26;1130;26;5015;A; ;1130-01;;;
1220-19;1220;19;5021;A; ;1220-01;;;
1220-20;1220;20;5021;A; ;1220-01;;;
1220-25;1220;25;5021;A; ;1220-01;;;
1220-26;1220;26;5021;A; ;1220-01;;;
1221-19;1221;19;5022;A; ;1221-01;;;
1221-20;1221;20;5022;A; ;1221-01;;;
1221-25;1221;25;5022;A; ;1221-01;;;
1221-26;1221;26;5022;A; ;1221-01;;;
1222-19;1222;19;5023;A; ;1222-01;;;
1222-20;1222;20;5023;A; ;1222-01;;;
1222-25;1222;25;5023;A; ;1222-01;;;
1222-26;1222;26;5023;A; ;1222-01;;;
1223-19;1223;19;5024;A; ;1223-01;;;
1223-20;1223;20;5024;A; ;1223-01;;;
1223-25;1223;25;5024;A; ;1223-01;;;
1223-26;1223;26;5024;A; ;1223-01;;;
1373-19;1373;19;5039;A; ;1373-01;;;
1373-20;1373;20;5039;A; ;1373-01;;;
1373-25;1373;25;5039;A; ;1373-01;;;
1373-26;1373;26;5039;A; ;1373-01;;;
1378-19;1378;19;5044;A; ;1378-01;;;
1378-20;1378;20;5044;A; ;1378-01;;;
1378-25;1378;25;5044;A; ;1378-01;;;
1378-26;1378;26;5044;A; ;1378-01;;;
1380-19;1380;19;5045;A; ;1380-01;;;
1380-20;1380;20;5045;A; ;1380-01;;;
1380-25;1380;25;5045;A; ;1380-01;;;
1380-26;1380;26;5045;A; ;1380-01;;;
1400-19;1400;19;5046;A; ;1400-01;;;
1400-20;1400;20;5046;A; ;1400-01;;;
1400-25;1400;25;5046;A; ;1400-01;;;
1400-26;1400;26;5046;A; ;1400-01;;;
1480-19;1480;19;5051;A; ;1480-01;;;
1480-20;1480;20;5051;A; ;1480-01;;;
1480-25;1480;25;5051;A; ;1480-01;;;
1480-26;1480;26;5051;A; ;1480-01;;;
1500-19;1500;19;5052;A; ;1500-01;;;
1500-20;1500;20;5052;A; ;1500-01;;;
1500-25;1500;25;5052;A; ;1500-01;;;
1500-26;1500;26;5052;A; ;1500-01;;;
1690-19;1690;19;5061;A; ;1690-01;;;
1690-20;1690;20;5061;A; ;1690-01;;;
1690-25;1690;25;5061;A; ;1690-01;;;
1690-26;1690;26;5061;A; ;1690-01;;;
1990-19;1990;19;5072;A; ;1990-01;;;
1990-20;1990;20;5072;A; ;1990-01;;;
1990-25;1990;25;5072;A; ;1990-01;;;
1990-26;1990;26;5072;A; ;1990-01;;;
1992-19;1992;19;5073;A; ;1992-01;;;
1992-20;1992;20;5073;A; ;1992-01;;;
1992-25;1992;25;5073;A; ;1992-01;;;
1992-26;1992;26;5073;A; ;1992-01;;;
1993-19;1993;19;5074;A; ;1993-01;;;
1993-20;1993;20;5074;A; ;1993-01;;;
1993-25;1993;25;5074;A; ;1993-01;;;
1993-26;1993;26;5074;A; ;1993-01;;;
2000-19;2000;19;5075;L; ;2000-01;;;
2000-20;2000;20;5075;L; ;2000-01;;;
2000-25;2000;25;5075;L; ;2000-01;;;
2000-26;2000;26;5075;L; ;2000-01;;;
2010-19;2010;19;5076;L; ;2010-01;;;
2010-20;2010;20;5076;L; ;2010-01;;;
2010-25;2010;25;5076;L; ;2010-01;;;
2010-26;2010;26;5076;L; ;2010-01;;;
2223-19;2223;19;5105;L; ;2223-01;;;
2223-20;2223;20;5105;L; ;2223-01;;;
2223-25;2223;25;5105;L; ;2223-01;;;
2223-26;2223;26;5105;L; ;2223-01;;;
2224-19;2224;19;5106;L; ;2224-01;;;
2224-20;2224;20;5106;L; ;2224-01;;;
2224-25;2224;25;5106;L; ;2224-01;;;
2224-26;2224;26;5106;L; ;2224-01;;;
2225-19;2225;19;5107;L; ;2225-01;;;
2225-20;2225;20;5107;L; ;2225-01;;;
2225-25;2225;25;5107;L; ;2225-01;;;
2225-26;2225;26;5107;L; ;2225-01;;;
2230-19;2230;19;5108;L; ;2230-01;;;
2230-20;2230;20;5108;L; ;2230-01;;;
2230-25;2230;25;5108;L; ;2230-01;;;
2230-26;2230;26;5108;L; ;2230-01;;;
2231-19;2231;19;0;L;;2231-01;;;
2231-20;2231;20;0;L;;2231-01;;;
2231-25;2231;25;0;L;;2231-01;;;
2231-26;2231;26;0;L;;2231-01;;;
2350-19;2350;19;5113;L; ;2350-01;;;
2350-20;2350;20;5113;L; ;2350-01;;;
2350-25;2350;25;5113;L; ;2350-01;;;
2350-26;2350;26;5113;L; ;2350-01;;;
2400-19;2400;19;5114;L; ;2400-01;;;
2400-20;2400;20;5114;L; ;2400-01;;;
2400-25;2400;25;5114;L; ;2400-01;;;
2400-26;2400;26;5114;L; ;2400-01;;;
2950-19;2950;19;5121;O; ;2950-01;;;
2950-20;2950;20;5121;O; ;2950-01;;;
2950-25;2950;25;5121;O; ;2950-01;;;
2950-26;2950;26;5121;O; ;2950-01;;;
2990-19;2990;19;5122;L; ;2990-01;;;
2990-20;2990;20;5122;L; ;2990-01;;;
2990-25;2990;25;5122;L; ;2990-01;;;
2990-26;2990;26;5122;L; ;2990-01;;;
3000-19;3000;19;5123;R; ;3000-01;;x;
3000-20;3000;20;5123;R; ;3000-01;;x;
3000-25;3000;25;5123;R; ;3000-01;;x;
3000-26;3000;26;5123;R; ;3000-01;;x;
3020-19;3020;19;5133;R; ;3020-01;;x;
3020-20;3020;20;5133;R; ;3020-01;;x;
3020-25;3020;25;5133;R; ;3020-01;;x;
3020-26;3020;26;5133;R; ;3020-01;;x;
3030-19;3030;19;5141;R; ;3030-01;;x;
3030-20;3030;20;5141;R; ;3030-01;;x;
3030-25;3030;25;5141;R; ;3030-01;;x;
3030-26;3030;26;5141;R; ;3030-01;;x;
3050-19;3050;19;5161;R; ;3050-01;;x;
3050-20;3050;20;5161;R; ;3050-01;;x;
3050-25;3050;25;5161;R; ;3050-01;;x;
3050-26;3050;26;5161;R; ;3050-01;;x;
3065-19;3065;19;5175;R; ;3065-01;;x;
3065-20;3065;20;5175;R; ;3065-01;;x;
3065-25;3065;25;5175;R; ;3065-01;;x;
3065-26;3065;26;5175;R; ;3065-01;;x;
3066-19;3066;19;5176;R; ;3066-01;;x;
3066-20;3066;20;5176;R; ;3066-01;;x;
3066-25;3066;25;5176;R; ;3066-01;;x;
3066-26;3066;26;5176;R; ;3066-01;;x;
3067-19;3067;19;5177;R; ;3067-01;;x;
3067-20;3067;20;5177;R; ;3067-01;;x;
3067-25;3067;25;5177;R; ;3067-01;;x;
3067-26;3067;26;5177;R; ;3067-01;;x;
3080-19;3080;19;5190;R; ;3080-01;;x;
3080-20;3080;20;5190;R; ;3080-01;;x;
3080-25;3080;25;5190;R; ;3080-01;;x;
3080-26;3080;26;5190;R; ;3080-01;;x;
3090-19;3090;19;5200;R; ;3090-01;;x;
3090-20;3090;20;5200;R; ;3090-01;;x;
3090-25;3090;25;5200;R; ;3090-01;;x;
3090-26;3090;26;5200;R; ;3090-01;;x;
3093-19;3093;19;5203;R; ;3093-01;;x;
3093-20;3093;20;5203;R; ;3093-01;;x;
3093-25;3093;25;5203;R; ;3093-01;;x;
3093-26;3093;26;5203;R; ;3093-01;;x;
3095-19;3095;19;5205;R; ;3095-01;;x;
3095-20;3095;20;5205;R; ;3095-01;;x;
3095-25;3095;25;5205;R; ;3095-01;;x;
3095-26;3095;26;5205;R; ;3095-01;;x;
3097-19;3097;19;5207;R; ;3097-01;;x;
3097-20;3097;20;5207;R; ;3097-01;;x;
3097-25;3097;25;5207;R; ;3097-01;;x;
3097-26;3097;26;5207;R; ;3097-01;;x;
3100-19;3100;19;5210;R; ;3100-01;;x;
3100-20;3100;20;5210;R; ;3100-01;;x;
3100-25;3100;25;5210;R; ;3100-01;;x;
3100-26;3100;26;5210;R; ;3100-01;;x;
3110-19;3110;19;5211;R; ;3110-01;;x;
3110-20;3110;20;5211;R; ;3110-01;;x;
3110-25;3110;25;5211;R; ;3110-01;;x;
3110-26;3110;26;5211;R; ;3110-01;;x;
3600-19;3600;19;5213;R; ;3600-01;;x;
3600-20;3600;20;5213;R; ;3600-01;;x;
3600-25;3600;25;5213;R; ;3600-01;;x;
3600-26;3600;26;5213;R; ;3600-01;;x;
4000-19;4000;19;5214;E; ;4000-01;;;
4000-20;4000;20;5214;E; ;4000-01;;;
4000-25;4000;25;5214;E; ;4000-01;;;
4000-26;4000;26;5214;E; ;4000-01;;;
4020-19;4020;19;5224;E; ;4020-01;;;
4020-20;4020;20;5224;E; ;4020-01;;;
4020-25;4020;25;5224;E; ;4020-01;;;
4020-26;4020;26;5224;E; ;4020-01;;;
4029-20;4029;20;5232;E; ;4029-01;;;
4029-25;4029;25;5232;E; ;4029-01;;;
4029-26;4029;26;5232;E; ;4029-01;;;
4030-20;4030;20;5233;E; ;4030-01;;;
4030-25;4030;25;5233;E; ;4030-01;;;
4030-26;4030;26;5233;E; ;4030-01;;;
4040-19;4040;19;5243;E; ;4040-01;;;
4040-20;4040;20;5243;E; ;4040-01;;;
4040-25;4040;25;5243;E; ;4040-01;;;
4040-26;4040;26;5243;E; ;4040-01;;;
4050-19;4050;19;0;E;;4050-01;;;
4050-20;4050;20;0;E;;4050-01;;;
4050-25;4050;25;0;E;;4050-01;;;
4050-26;4050;26;0;E;;4050-01;;;
4060-19;4060;19;5262;E; ;4060-01;;;
4060-20;4060;20;5262;E; ;4060-01;;;
4060-25;4060;25;5262;E; ;4060-01;;;
4060-26;4060;26;5262;E; ;4060-01;;;
4070-19;4070;19;5271;E; ;4070-01;;;
4070-20;4070;20;5271;E; ;4070-01;;;
4070-25;4070;25;5271;E; ;4070-01;;;
4070-26;4070;26;5271;E; ;4070-01;;;
4080-19;4080;19;5281;E; ;4080-01;;;
4080-20;4080;20;5281;E; ;4080-01;;;
4080-25;4080;25;5281;E; ;4080-01;;;
4080-26;4080;26;5281;E; ;4080-01;;;
4090-19;4090;19;5291;E; ;4090-01;;;
4090-20;4090;20;5291;E; ;4090-01;;;
4090-25;4090;25;5291;E; ;4090-01;;;
4090-26;4090;26;5291;E; ;4090-01;;;
4100-20;4100;20;5301;E; ;4100-01;;;
4100-25;4100;25;5301;E; ;4100-01;;;
4100-26;4100;26;5301;E; ;4100-01;;;
4150-19;4150;19;5315;E; ;4150-01;;;
4150-20;4150;20;5315;E; ;4150-01;;;
4150-25;4150;25;5315;E; ;4150-01;;;
4150-26;4150;26;5315;E; ;4150-01;;;
4990-19;4990;19;5316;E; ;4990-01;;;
4990-20;4990;20;5316;E; ;4990-01;;;
4990-25;4990;25;5316;E; ;4990-01;;;
4990-26;4990;26;5316;E; ;4990-01;;;
5990-19;5990;19;5317;E; ;5990-01;;;
5990-20;5990;20;5317;E; ;5990-01;;;
5990-25;5990;25;5317;E; ;5990-01;;;
5990-26;5990;26;5317;E; ;5990-01;;;
6000-19;6000;19;5318;E; ;6000-01;;;
6000-20;6000;20;5318;E; ;6000-01;;;
6000-25;6000;25;5318;E; ;6000-01;;;
6000-26;6000;26;5318;E; ;6000-01;;;
6200-19;6200;19;5347;E; ;6200-01;;;
6200-20;6200;20;5347;E; ;6200-01;;;
6200-25;6200;25;5347;E; ;6200-01;;;
6200-26;6200;26;5347;E; ;6200-01;;;
8000-19;8000;19;5348;E; ;8000-01;;;
8000-20;8000;20;5348;E; ;8000-01;;;
8000-25;8000;25;5348;E; ;8000-01;;;
8000-26;8000;26;5348;E; ;8000-01;;;
8150-19;8150;19;5373;E; ;8150-01;;;
8150-20;8150;20;5373;E; ;8150-01;;;
8150-25;8150;25;5373;E; ;8150-01;;;
8150-26;8150;26;5373;E; ;8150-01;;;
8200-19;8200;19;5374;E; ;8200-01;;;
8200-20;8200;20;5374;E; ;8200-01;;;
8200-25;8200;25;5374;E; ;8200-01;;;
8200-26;8200;26;5374;E; ;8200-01;;;
8500-19;8500;19;5375;E; ;8500-01;;;
8500-20;8500;20;5375;E; ;8500-01;;;
8500-25;8500;25;5375;E; ;8500-01;;;
8500-26;8500;26;5375;E; ;8500-01;;;
9000-19;9000;19;5376;R; ;9000-01;;x;
9000-20;9000;20;5376;R; ;9000-01;;x;
9000-25;9000;25;5376;R; ;9000-01;;x;
9000-26;9000;26;5376;R; ;9000-01;;x;
9073-19;9073;19;5391;E; ;9073-01;;;
9073-20;9073;20;5391;E; ;9073-01;;;
9073-25;9073;25;5391;E; ;9073-01;;;
9073-26;9073;26;5391;E; ;9073-01;;;
9074-19;9074;19;5392;E; ;9074-01;;;
9074-20;9074;20;5392;E; ;9074-01;;;
9074-25;9074;25;5392;E; ;9074-01;;;
9074-26;9074;26;5392;E; ;9074-01;;;
9100-19;9100;19;5394;E; ;9100-01;;;
9100-20;9100;20;5394;E; ;9100-01;;;
9100-25;9100;25;5394;E; ;9100-01;;;
9100-26;9100;26;5394;E; ;9100-01;;;
